Gregorian_date,lunar_date,hour,light.dark,study_time,colony_id,tank_id,system,RO,total_RO,per.release,prop.release
2022-3-1,2022-1-29,19,dark,1,RAS_colony5,RAS_tank1,RAS,16,252,6.349206349,0.063492063
2022-3-1,2022-1-29,20,dark,2,RAS_colony5,RAS_tank1,RAS,2,252,0.793650794,0.007936508
2022-3-1,2022-1-29,21,dark,3,RAS_colony5,RAS_tank1,RAS,0,252,0,0
2022-3-1,2022-1-29,22,dark,4,RAS_colony5,RAS_tank1,RAS,12,252,4.761904762,0.047619048
2022-3-1,2022-1-29,23,dark,5,RAS_colony5,RAS_tank1,RAS,0,252,0,0
2022-3-2,2022-1-30,00,dark,6,RAS_colony5,RAS_tank1,RAS,3,252,1.19047619,0.011904762
2022-3-2,2022-1-30,1,dark,7,RAS_colony5,RAS_tank1,RAS,2,252,0.793650794,0.007936508
2022-3-2,2022-1-30,2,dark,8,RAS_colony5,RAS_tank1,RAS,2,252,0.793650794,0.007936508
2022-3-2,2022-1-30,3,dark,9,RAS_colony5,RAS_tank1,RAS,4,252,1.587301587,0.015873016
2022-3-2,2022-1-30,4,dark,10,RAS_colony5,RAS_tank1,RAS,33,252,13.0952381,0.130952381
2022-3-2,2022-1-30,5,dark,11,RAS_colony5,RAS_tank1,RAS,26,252,10.31746032,0.103174603
2022-3-2,2022-1-30,6,dark,12,RAS_colony5,RAS_tank1,RAS,32,252,12.6984127,0.126984127
2022-3-2,2022-1-30,7,light,13,RAS_colony5,RAS_tank1,RAS,21,252,8.333333333,0.083333333
2022-3-2,2022-1-30,8,light,14,RAS_colony5,RAS_tank1,RAS,2,252,0.793650794,0.007936508
2022-3-2,2022-1-30,9,light,15,RAS_colony5,RAS_tank1,RAS,2,252,0.793650794,0.007936508
2022-3-2,2022-1-30,10,light,16,RAS_colony5,RAS_tank1,RAS,0,252,0,0
2022-3-2,2022-1-30,11,light,17,RAS_colony5,RAS_tank1,RAS,1,252,0.396825397,0.003968254
2022-3-2,2022-1-30,12,light,18,RAS_colony5,RAS_tank1,RAS,4,252,1.587301587,0.015873016
2022-3-2,2022-1-30,13,light,19,RAS_colony5,RAS_tank1,RAS,3,252,1.19047619,0.011904762
2022-3-2,2022-1-30,14,light,20,RAS_colony5,RAS_tank1,RAS,3,252,1.19047619,0.011904762
2022-3-2,2022-1-30,15,light,21,RAS_colony5,RAS_tank1,RAS,0,252,0,0
2022-3-2,2022-1-30,16,light,22,RAS_colony5,RAS_tank1,RAS,3,252,1.19047619,0.011904762
2022-3-2,2022-1-30,17,light,23,RAS_colony5,RAS_tank1,RAS,1,252,0.396825397,0.003968254
2022-3-2,2022-1-30,18,light,24,RAS_colony5,RAS_tank1,RAS,0,252,0,0
2022-3-2,2022-1-30,19,dark,25,RAS_colony5,RAS_tank1,RAS,12,252,4.761904762,0.047619048
2022-3-2,2022-1-30,20,dark,26,RAS_colony5,RAS_tank1,RAS,2,252,0.793650794,0.007936508
2022-3-2,2022-1-30,21,dark,27,RAS_colony5,RAS_tank1,RAS,0,252,0,0
2022-3-2,2022-1-30,22,dark,28,RAS_colony5,RAS_tank1,RAS,1,252,0.396825397,0.003968254
2022-3-2,2022-1-30,23,dark,29,RAS_colony5,RAS_tank1,RAS,2,252,0.793650794,0.007936508
2022-3-2,2022-1-30,00,dark,30,RAS_colony5,RAS_tank1,RAS,1,252,0.396825397,0.003968254
2022-3-3,2022-1-31,1,dark,31,RAS_colony5,RAS_tank1,RAS,2,252,0.793650794,0.007936508
2022-3-3,2022-1-31,2,dark,32,RAS_colony5,RAS_tank1,RAS,6,252,2.380952381,0.023809524
2022-3-3,2022-1-31,3,dark,33,RAS_colony5,RAS_tank1,RAS,9,252,3.571428571,0.035714286
2022-3-3,2022-1-31,4,dark,34,RAS_colony5,RAS_tank1,RAS,5,252,1.984126984,0.01984127
2022-3-3,2022-1-31,5,dark,35,RAS_colony5,RAS_tank1,RAS,7,252,2.777777778,0.027777778
2022-3-3,2022-1-31,6,dark,36,RAS_colony5,RAS_tank1,RAS,10,252,3.968253968,0.03968254
2022-3-3,2022-1-31,7,light,37,RAS_colony5,RAS_tank1,RAS,3,252,1.19047619,0.011904762
2022-3-3,2022-1-31,8,light,38,RAS_colony5,RAS_tank1,RAS,1,252,0.396825397,0.003968254
2022-3-3,2022-1-31,9,light,39,RAS_colony5,RAS_tank1,RAS,2,252,0.793650794,0.007936508
2022-3-3,2022-1-31,10,light,40,RAS_colony5,RAS_tank1,RAS,14,252,5.555555556,0.055555556
2022-3-3,2022-1-31,11,light,41,RAS_colony5,RAS_tank1,RAS,3,252,1.19047619,0.011904762
2022-3-3,2022-1-31,12,light,42,RAS_colony5,RAS_tank1,RAS,0,252,0,0
2022-3-3,2022-1-31,13,light,43,RAS_colony5,RAS_tank1,RAS,0,252,0,0
2022-3-3,2022-1-31,14,light,44,RAS_colony5,RAS_tank1,RAS,0,252,0,0
2022-3-3,2022-1-31,15,light,45,RAS_colony5,RAS_tank1,RAS,0,252,0,0
2022-3-3,2022-1-31,16,light,46,RAS_colony5,RAS_tank1,RAS,0,252,0,0
2022-3-3,2022-1-31,17,light,47,RAS_colony5,RAS_tank1,RAS,0,252,0,0
2022-3-3,2022-1-31,18,light,48,RAS_colony5,RAS_tank1,RAS,0,252,0,0
2022-3-1,2022-1-29,19,dark,1,RAS_colony6,RAS_tank1,RAS,24,858,2.797202797,0.027972028
2022-3-1,2022-1-29,20,dark,2,RAS_colony6,RAS_tank1,RAS,8,858,0.932400932,0.009324009
2022-3-1,2022-1-29,21,dark,3,RAS_colony6,RAS_tank1,RAS,12,858,1.398601399,0.013986014
2022-3-1,2022-1-29,22,dark,4,RAS_colony6,RAS_tank1,RAS,0,858,0,0
2022-3-1,2022-1-29,23,dark,5,RAS_colony6,RAS_tank1,RAS,7,858,0.815850816,0.008158508
2022-3-2,2022-1-30,00,dark,6,RAS_colony6,RAS_tank1,RAS,11,858,1.282051282,0.012820513
2022-3-2,2022-1-30,1,dark,7,RAS_colony6,RAS_tank1,RAS,31,858,3.613053613,0.036130536
2022-3-2,2022-1-30,2,dark,8,RAS_colony6,RAS_tank1,RAS,63,858,7.342657343,0.073426573
2022-3-2,2022-1-30,3,dark,9,RAS_colony6,RAS_tank1,RAS,94,858,10.95571096,0.10955711
2022-3-2,2022-1-30,4,dark,10,RAS_colony6,RAS_tank1,RAS,159,858,18.53146853,0.185314685
2022-3-2,2022-1-30,5,dark,11,RAS_colony6,RAS_tank1,RAS,98,858,11.42191142,0.114219114
2022-3-2,2022-1-30,6,dark,12,RAS_colony6,RAS_tank1,RAS,49,858,5.710955711,0.057109557
2022-3-2,2022-1-30,7,light,13,RAS_colony6,RAS_tank1,RAS,33,858,3.846153846,0.038461538
2022-3-2,2022-1-30,8,light,14,RAS_colony6,RAS_tank1,RAS,4,858,0.466200466,0.004662005
2022-3-2,2022-1-30,9,light,15,RAS_colony6,RAS_tank1,RAS,8,858,0.932400932,0.009324009
2022-3-2,2022-1-30,10,light,16,RAS_colony6,RAS_tank1,RAS,2,858,0.233100233,0.002331002
2022-3-2,2022-1-30,11,light,17,RAS_colony6,RAS_tank1,RAS,0,858,0,0
2022-3-2,2022-1-30,12,light,18,RAS_colony6,RAS_tank1,RAS,4,858,0.466200466,0.004662005
2022-3-2,2022-1-30,13,light,19,RAS_colony6,RAS_tank1,RAS,4,858,0.466200466,0.004662005
2022-3-2,2022-1-30,14,light,20,RAS_colony6,RAS_tank1,RAS,2,858,0.233100233,0.002331002
2022-3-2,2022-1-30,15,light,21,RAS_colony6,RAS_tank1,RAS,1,858,0.116550117,0.001165501
2022-3-2,2022-1-30,16,light,22,RAS_colony6,RAS_tank1,RAS,1,858,0.116550117,0.001165501
2022-3-2,2022-1-30,17,light,23,RAS_colony6,RAS_tank1,RAS,3,858,0.34965035,0.003496503
2022-3-2,2022-1-30,18,light,24,RAS_colony6,RAS_tank1,RAS,0,858,0,0
2022-3-2,2022-1-30,19,dark,25,RAS_colony6,RAS_tank1,RAS,30,858,3.496503497,0.034965035
2022-3-2,2022-1-30,20,dark,26,RAS_colony6,RAS_tank1,RAS,7,858,0.815850816,0.008158508
2022-3-2,2022-1-30,21,dark,27,RAS_colony6,RAS_tank1,RAS,2,858,0.233100233,0.002331002
2022-3-2,2022-1-30,22,dark,28,RAS_colony6,RAS_tank1,RAS,0,858,0,0
2022-3-2,2022-1-30,23,dark,29,RAS_colony6,RAS_tank1,RAS,2,858,0.233100233,0.002331002
2022-3-2,2022-1-30,00,dark,30,RAS_colony6,RAS_tank1,RAS,1,858,0.116550117,0.001165501
2022-3-3,2022-1-31,1,dark,31,RAS_colony6,RAS_tank1,RAS,9,858,1.048951049,0.01048951
2022-3-3,2022-1-31,2,dark,32,RAS_colony6,RAS_tank1,RAS,8,858,0.932400932,0.009324009
2022-3-3,2022-1-31,3,dark,33,RAS_colony6,RAS_tank1,RAS,18,858,2.097902098,0.020979021
2022-3-3,2022-1-31,4,dark,34,RAS_colony6,RAS_tank1,RAS,29,858,3.37995338,0.033799534
2022-3-3,2022-1-31,5,dark,35,RAS_colony6,RAS_tank1,RAS,52,858,6.060606061,0.060606061
2022-3-3,2022-1-31,6,dark,36,RAS_colony6,RAS_tank1,RAS,40,858,4.662004662,0.046620047
2022-3-3,2022-1-31,7,light,37,RAS_colony6,RAS_tank1,RAS,14,858,1.631701632,0.016317016
2022-3-3,2022-1-31,8,light,38,RAS_colony6,RAS_tank1,RAS,7,858,0.815850816,0.008158508
2022-3-3,2022-1-31,9,light,39,RAS_colony6,RAS_tank1,RAS,2,858,0.233100233,0.002331002
2022-3-3,2022-1-31,10,light,40,RAS_colony6,RAS_tank1,RAS,14,858,1.631701632,0.016317016
2022-3-3,2022-1-31,11,light,41,RAS_colony6,RAS_tank1,RAS,1,858,0.116550117,0.001165501
2022-3-3,2022-1-31,12,light,42,RAS_colony6,RAS_tank1,RAS,2,858,0.233100233,0.002331002
2022-3-3,2022-1-31,13,light,43,RAS_colony6,RAS_tank1,RAS,1,858,0.116550117,0.001165501
2022-3-3,2022-1-31,14,light,44,RAS_colony6,RAS_tank1,RAS,0,858,0,0
2022-3-3,2022-1-31,15,light,45,RAS_colony6,RAS_tank1,RAS,0,858,0,0
2022-3-3,2022-1-31,16,light,46,RAS_colony6,RAS_tank1,RAS,0,858,0,0
2022-3-3,2022-1-31,17,light,47,RAS_colony6,RAS_tank1,RAS,1,858,0.116550117,0.001165501
2022-3-3,2022-1-31,18,light,48,RAS_colony6,RAS_tank1,RAS,0,858,0,0
2022-3-1,2022-1-29,19,dark,1,RAS_colony15,RAS_tank1,RAS,3,53,5.660377358,0.056603774
2022-3-1,2022-1-29,20,dark,2,RAS_colony15,RAS_tank1,RAS,0,53,0,0
2022-3-1,2022-1-29,21,dark,3,RAS_colony15,RAS_tank1,RAS,0,53,0,0
2022-3-1,2022-1-29,22,dark,4,RAS_colony15,RAS_tank1,RAS,0,53,0,0
2022-3-1,2022-1-29,23,dark,5,RAS_colony15,RAS_tank1,RAS,0,53,0,0
2022-3-2,2022-1-30,00,dark,6,RAS_colony15,RAS_tank1,RAS,0,53,0,0
2022-3-2,2022-1-30,1,dark,7,RAS_colony15,RAS_tank1,RAS,3,53,5.660377358,0.056603774
2022-3-2,2022-1-30,2,dark,8,RAS_colony15,RAS_tank1,RAS,2,53,3.773584906,0.037735849
2022-3-2,2022-1-30,3,dark,9,RAS_colony15,RAS_tank1,RAS,28,53,52.83018868,0.528301887
2022-3-2,2022-1-30,4,dark,10,RAS_colony15,RAS_tank1,RAS,2,53,3.773584906,0.037735849
2022-3-2,2022-1-30,5,dark,11,RAS_colony15,RAS_tank1,RAS,0,53,0,0
2022-3-2,2022-1-30,6,dark,12,RAS_colony15,RAS_tank1,RAS,0,53,0,0
2022-3-2,2022-1-30,7,light,13,RAS_colony15,RAS_tank1,RAS,0,53,0,0
2022-3-2,2022-1-30,8,light,14,RAS_colony15,RAS_tank1,RAS,0,53,0,0
2022-3-2,2022-1-30,9,light,15,RAS_colony15,RAS_tank1,RAS,0,53,0,0
2022-3-2,2022-1-30,10,light,16,RAS_colony15,RAS_tank1,RAS,4,53,7.547169811,0.075471698
2022-3-2,2022-1-30,11,light,17,RAS_colony15,RAS_tank1,RAS,3,53,5.660377358,0.056603774
2022-3-2,2022-1-30,12,light,18,RAS_colony15,RAS_tank1,RAS,0,53,0,0
2022-3-2,2022-1-30,13,light,19,RAS_colony15,RAS_tank1,RAS,0,53,0,0
2022-3-2,2022-1-30,14,light,20,RAS_colony15,RAS_tank1,RAS,1,53,1.886792453,0.018867925
2022-3-2,2022-1-30,15,light,21,RAS_colony15,RAS_tank1,RAS,0,53,0,0
2022-3-2,2022-1-30,16,light,22,RAS_colony15,RAS_tank1,RAS,0,53,0,0
2022-3-2,2022-1-30,17,light,23,RAS_colony15,RAS_tank1,RAS,0,53,0,0
2022-3-2,2022-1-30,18,light,24,RAS_colony15,RAS_tank1,RAS,0,53,0,0
2022-3-2,2022-1-30,19,dark,25,RAS_colony15,RAS_tank1,RAS,2,53,3.773584906,0.037735849
2022-3-2,2022-1-30,20,dark,26,RAS_colony15,RAS_tank1,RAS,0,53,0,0
2022-3-2,2022-1-30,21,dark,27,RAS_colony15,RAS_tank1,RAS,0,53,0,0
2022-3-2,2022-1-30,22,dark,28,RAS_colony15,RAS_tank1,RAS,0,53,0,0
2022-3-2,2022-1-30,23,dark,29,RAS_colony15,RAS_tank1,RAS,1,53,1.886792453,0.018867925
2022-3-2,2022-1-30,00,dark,30,RAS_colony15,RAS_tank1,RAS,0,53,0,0
2022-3-3,2022-1-31,1,dark,31,RAS_colony15,RAS_tank1,RAS,0,53,0,0
2022-3-3,2022-1-31,2,dark,32,RAS_colony15,RAS_tank1,RAS,0,53,0,0
2022-3-3,2022-1-31,3,dark,33,RAS_colony15,RAS_tank1,RAS,1,53,1.886792453,0.018867925
2022-3-3,2022-1-31,4,dark,34,RAS_colony15,RAS_tank1,RAS,0,53,0,0
2022-3-3,2022-1-31,5,dark,35,RAS_colony15,RAS_tank1,RAS,0,53,0,0
2022-3-3,2022-1-31,6,dark,36,RAS_colony15,RAS_tank1,RAS,0,53,0,0
2022-3-3,2022-1-31,7,light,37,RAS_colony15,RAS_tank1,RAS,0,53,0,0
2022-3-3,2022-1-31,8,light,38,RAS_colony15,RAS_tank1,RAS,0,53,0,0
2022-3-3,2022-1-31,9,light,39,RAS_colony15,RAS_tank1,RAS,1,53,1.886792453,0.018867925
2022-3-3,2022-1-31,10,light,40,RAS_colony15,RAS_tank1,RAS,0,53,0,0
2022-3-3,2022-1-31,11,light,41,RAS_colony15,RAS_tank1,RAS,0,53,0,0
2022-3-3,2022-1-31,12,light,42,RAS_colony15,RAS_tank1,RAS,0,53,0,0
2022-3-3,2022-1-31,13,light,43,RAS_colony15,RAS_tank1,RAS,0,53,0,0
2022-3-3,2022-1-31,14,light,44,RAS_colony15,RAS_tank1,RAS,0,53,0,0
2022-3-3,2022-1-31,15,light,45,RAS_colony15,RAS_tank1,RAS,2,53,3.773584906,0.037735849
2022-3-3,2022-1-31,16,light,46,RAS_colony15,RAS_tank1,RAS,0,53,0,0
2022-3-3,2022-1-31,17,light,47,RAS_colony15,RAS_tank1,RAS,0,53,0,0
2022-3-3,2022-1-31,18,light,48,RAS_colony15,RAS_tank1,RAS,0,53,0,0
2022-3-1,2022-1-29,19,dark,1,RAS_colony8,RAS_tank2,RAS,3,57,5.263157895,0.052631579
2022-3-1,2022-1-29,20,dark,2,RAS_colony8,RAS_tank2,RAS,2,57,3.50877193,0.035087719
2022-3-1,2022-1-29,21,dark,3,RAS_colony8,RAS_tank2,RAS,2,57,3.50877193,0.035087719
2022-3-1,2022-1-29,22,dark,4,RAS_colony8,RAS_tank2,RAS,2,57,3.50877193,0.035087719
2022-3-1,2022-1-29,23,dark,5,RAS_colony8,RAS_tank2,RAS,3,57,5.263157895,0.052631579
2022-3-2,2022-1-30,00,dark,6,RAS_colony8,RAS_tank2,RAS,1,57,1.754385965,0.01754386
2022-3-2,2022-1-30,1,dark,7,RAS_colony8,RAS_tank2,RAS,2,57,3.50877193,0.035087719
2022-3-2,2022-1-30,2,dark,8,RAS_colony8,RAS_tank2,RAS,6,57,10.52631579,0.105263158
2022-3-2,2022-1-30,3,dark,9,RAS_colony8,RAS_tank2,RAS,1,57,1.754385965,0.01754386
2022-3-2,2022-1-30,4,dark,10,RAS_colony8,RAS_tank2,RAS,8,57,14.03508772,0.140350877
2022-3-2,2022-1-30,5,dark,11,RAS_colony8,RAS_tank2,RAS,8,57,14.03508772,0.140350877
2022-3-2,2022-1-30,6,dark,12,RAS_colony8,RAS_tank2,RAS,6,57,10.52631579,0.105263158
2022-3-2,2022-1-30,7,light,13,RAS_colony8,RAS_tank2,RAS,4,57,7.01754386,0.070175439
2022-3-2,2022-1-30,8,light,14,RAS_colony8,RAS_tank2,RAS,0,57,0,0
2022-3-2,2022-1-30,9,light,15,RAS_colony8,RAS_tank2,RAS,2,57,3.50877193,0.035087719
2022-3-2,2022-1-30,10,light,16,RAS_colony8,RAS_tank2,RAS,0,57,0,0
2022-3-2,2022-1-30,11,light,17,RAS_colony8,RAS_tank2,RAS,0,57,0,0
2022-3-2,2022-1-30,12,light,18,RAS_colony8,RAS_tank2,RAS,0,57,0,0
2022-3-2,2022-1-30,13,light,19,RAS_colony8,RAS_tank2,RAS,2,57,3.50877193,0.035087719
2022-3-2,2022-1-30,14,light,20,RAS_colony8,RAS_tank2,RAS,0,57,0,0
2022-3-2,2022-1-30,15,light,21,RAS_colony8,RAS_tank2,RAS,0,57,0,0
2022-3-2,2022-1-30,16,light,22,RAS_colony8,RAS_tank2,RAS,0,57,0,0
2022-3-2,2022-1-30,17,light,23,RAS_colony8,RAS_tank2,RAS,0,57,0,0
2022-3-2,2022-1-30,18,light,24,RAS_colony8,RAS_tank2,RAS,0,57,0,0
2022-3-2,2022-1-30,19,dark,25,RAS_colony8,RAS_tank2,RAS,0,57,0,0
2022-3-2,2022-1-30,20,dark,26,RAS_colony8,RAS_tank2,RAS,0,57,0,0
2022-3-2,2022-1-30,21,dark,27,RAS_colony8,RAS_tank2,RAS,0,57,0,0
2022-3-2,2022-1-30,22,dark,28,RAS_colony8,RAS_tank2,RAS,0,57,0,0
2022-3-2,2022-1-30,23,dark,29,RAS_colony8,RAS_tank2,RAS,1,57,1.754385965,0.01754386
2022-3-2,2022-1-30,00,dark,30,RAS_colony8,RAS_tank2,RAS,1,57,1.754385965,0.01754386
2022-3-3,2022-1-31,1,dark,31,RAS_colony8,RAS_tank2,RAS,0,57,0,0
2022-3-3,2022-1-31,2,dark,32,RAS_colony8,RAS_tank2,RAS,0,57,0,0
2022-3-3,2022-1-31,3,dark,33,RAS_colony8,RAS_tank2,RAS,0,57,0,0
2022-3-3,2022-1-31,4,dark,34,RAS_colony8,RAS_tank2,RAS,1,57,1.754385965,0.01754386
2022-3-3,2022-1-31,5,dark,35,RAS_colony8,RAS_tank2,RAS,1,57,1.754385965,0.01754386
2022-3-3,2022-1-31,6,dark,36,RAS_colony8,RAS_tank2,RAS,0,57,0,0
2022-3-3,2022-1-31,7,light,37,RAS_colony8,RAS_tank2,RAS,0,57,0,0
2022-3-3,2022-1-31,8,light,38,RAS_colony8,RAS_tank2,RAS,0,57,0,0
2022-3-3,2022-1-31,9,light,39,RAS_colony8,RAS_tank2,RAS,0,57,0,0
2022-3-3,2022-1-31,10,light,40,RAS_colony8,RAS_tank2,RAS,1,57,1.754385965,0.01754386
2022-3-3,2022-1-31,11,light,41,RAS_colony8,RAS_tank2,RAS,0,57,0,0
2022-3-3,2022-1-31,12,light,42,RAS_colony8,RAS_tank2,RAS,0,57,0,0
2022-3-3,2022-1-31,13,light,43,RAS_colony8,RAS_tank2,RAS,0,57,0,0
2022-3-3,2022-1-31,14,light,44,RAS_colony8,RAS_tank2,RAS,0,57,0,0
2022-3-3,2022-1-31,15,light,45,RAS_colony8,RAS_tank2,RAS,0,57,0,0
2022-3-3,2022-1-31,16,light,46,RAS_colony8,RAS_tank2,RAS,0,57,0,0
2022-3-3,2022-1-31,17,light,47,RAS_colony8,RAS_tank2,RAS,0,57,0,0
2022-3-3,2022-1-31,18,light,48,RAS_colony8,RAS_tank2,RAS,0,57,0,0
2022-3-1,2022-1-29,19,dark,1,RAS_colony14,RAS_tank2,RAS,4,58,6.896551724,0.068965517
2022-3-1,2022-1-29,20,dark,2,RAS_colony14,RAS_tank2,RAS,0,58,0,0
2022-3-1,2022-1-29,21,dark,3,RAS_colony14,RAS_tank2,RAS,2,58,3.448275862,0.034482759
2022-3-1,2022-1-29,22,dark,4,RAS_colony14,RAS_tank2,RAS,0,58,0,0
2022-3-1,2022-1-29,23,dark,5,RAS_colony14,RAS_tank2,RAS,2,58,3.448275862,0.034482759
2022-3-2,2022-1-30,00,dark,6,RAS_colony14,RAS_tank2,RAS,4,58,6.896551724,0.068965517
2022-3-2,2022-1-30,1,dark,7,RAS_colony14,RAS_tank2,RAS,5,58,8.620689655,0.086206897
2022-3-2,2022-1-30,2,dark,8,RAS_colony14,RAS_tank2,RAS,3,58,5.172413793,0.051724138
2022-3-2,2022-1-30,3,dark,9,RAS_colony14,RAS_tank2,RAS,1,58,1.724137931,0.017241379
2022-3-2,2022-1-30,4,dark,10,RAS_colony14,RAS_tank2,RAS,0,58,0,0
2022-3-2,2022-1-30,5,dark,11,RAS_colony14,RAS_tank2,RAS,10,58,17.24137931,0.172413793
2022-3-2,2022-1-30,6,dark,12,RAS_colony14,RAS_tank2,RAS,6,58,10.34482759,0.103448276
2022-3-2,2022-1-30,7,light,13,RAS_colony14,RAS_tank2,RAS,6,58,10.34482759,0.103448276
2022-3-2,2022-1-30,8,light,14,RAS_colony14,RAS_tank2,RAS,0,58,0,0
2022-3-2,2022-1-30,9,light,15,RAS_colony14,RAS_tank2,RAS,1,58,1.724137931,0.017241379
2022-3-2,2022-1-30,10,light,16,RAS_colony14,RAS_tank2,RAS,1,58,1.724137931,0.017241379
2022-3-2,2022-1-30,11,light,17,RAS_colony14,RAS_tank2,RAS,1,58,1.724137931,0.017241379
2022-3-2,2022-1-30,12,light,18,RAS_colony14,RAS_tank2,RAS,0,58,0,0
2022-3-2,2022-1-30,13,light,19,RAS_colony14,RAS_tank2,RAS,0,58,0,0
2022-3-2,2022-1-30,14,light,20,RAS_colony14,RAS_tank2,RAS,0,58,0,0
2022-3-2,2022-1-30,15,light,21,RAS_colony14,RAS_tank2,RAS,0,58,0,0
2022-3-2,2022-1-30,16,light,22,RAS_colony14,RAS_tank2,RAS,0,58,0,0
2022-3-2,2022-1-30,17,light,23,RAS_colony14,RAS_tank2,RAS,0,58,0,0
2022-3-2,2022-1-30,18,light,24,RAS_colony14,RAS_tank2,RAS,0,58,0,0
2022-3-2,2022-1-30,19,dark,25,RAS_colony14,RAS_tank2,RAS,0,58,0,0
2022-3-2,2022-1-30,20,dark,26,RAS_colony14,RAS_tank2,RAS,0,58,0,0
2022-3-2,2022-1-30,21,dark,27,RAS_colony14,RAS_tank2,RAS,0,58,0,0
2022-3-2,2022-1-30,22,dark,28,RAS_colony14,RAS_tank2,RAS,0,58,0,0
2022-3-2,2022-1-30,23,dark,29,RAS_colony14,RAS_tank2,RAS,2,58,3.448275862,0.034482759
2022-3-2,2022-1-30,00,dark,30,RAS_colony14,RAS_tank2,RAS,0,58,0,0
2022-3-3,2022-1-31,1,dark,31,RAS_colony14,RAS_tank2,RAS,1,58,1.724137931,0.017241379
2022-3-3,2022-1-31,2,dark,32,RAS_colony14,RAS_tank2,RAS,0,58,0,0
2022-3-3,2022-1-31,3,dark,33,RAS_colony14,RAS_tank2,RAS,0,58,0,0
2022-3-3,2022-1-31,4,dark,34,RAS_colony14,RAS_tank2,RAS,2,58,3.448275862,0.034482759
2022-3-3,2022-1-31,5,dark,35,RAS_colony14,RAS_tank2,RAS,0,58,0,0
2022-3-3,2022-1-31,6,dark,36,RAS_colony14,RAS_tank2,RAS,6,58,10.34482759,0.103448276
2022-3-3,2022-1-31,7,light,37,RAS_colony14,RAS_tank2,RAS,0,58,0,0
2022-3-3,2022-1-31,8,light,38,RAS_colony14,RAS_tank2,RAS,0,58,0,0
2022-3-3,2022-1-31,9,light,39,RAS_colony14,RAS_tank2,RAS,0,58,0,0
2022-3-3,2022-1-31,10,light,40,RAS_colony14,RAS_tank2,RAS,0,58,0,0
2022-3-3,2022-1-31,11,light,41,RAS_colony14,RAS_tank2,RAS,0,58,0,0
2022-3-3,2022-1-31,12,light,42,RAS_colony14,RAS_tank2,RAS,0,58,0,0
2022-3-3,2022-1-31,13,light,43,RAS_colony14,RAS_tank2,RAS,0,58,0,0
2022-3-3,2022-1-31,14,light,44,RAS_colony14,RAS_tank2,RAS,0,58,0,0
2022-3-3,2022-1-31,15,light,45,RAS_colony14,RAS_tank2,RAS,0,58,0,0
2022-3-3,2022-1-31,16,light,46,RAS_colony14,RAS_tank2,RAS,0,58,0,0
2022-3-3,2022-1-31,17,light,47,RAS_colony14,RAS_tank2,RAS,0,58,0,0
2022-3-3,2022-1-31,18,light,48,RAS_colony14,RAS_tank2,RAS,1,58,1.724137931,0.017241379
2022-3-1,2022-1-29,19,dark,1,RAS_colony3,RAS_tank2,RAS,101,506,19.96047431,0.199604743
2022-3-1,2022-1-29,20,dark,2,RAS_colony3,RAS_tank2,RAS,22,506,4.347826087,0.043478261
2022-3-1,2022-1-29,21,dark,3,RAS_colony3,RAS_tank2,RAS,10,506,1.976284585,0.019762846
2022-3-1,2022-1-29,22,dark,4,RAS_colony3,RAS_tank2,RAS,22,506,4.347826087,0.043478261
2022-3-1,2022-1-29,23,dark,5,RAS_colony3,RAS_tank2,RAS,16,506,3.162055336,0.031620553
2022-3-2,2022-1-30,00,dark,6,RAS_colony3,RAS_tank2,RAS,15,506,2.964426877,0.029644269
2022-3-2,2022-1-30,1,dark,7,RAS_colony3,RAS_tank2,RAS,33,506,6.52173913,0.065217391
2022-3-2,2022-1-30,2,dark,8,RAS_colony3,RAS_tank2,RAS,39,506,7.707509881,0.077075099
2022-3-2,2022-1-30,3,dark,9,RAS_colony3,RAS_tank2,RAS,54,506,10.67193676,0.106719368
2022-3-2,2022-1-30,4,dark,10,RAS_colony3,RAS_tank2,RAS,64,506,12.64822134,0.126482213
2022-3-2,2022-1-30,5,dark,11,RAS_colony3,RAS_tank2,RAS,39,506,7.707509881,0.077075099
2022-3-2,2022-1-30,6,dark,12,RAS_colony3,RAS_tank2,RAS,13,506,2.56916996,0.0256917
2022-3-2,2022-1-30,7,light,13,RAS_colony3,RAS_tank2,RAS,15,506,2.964426877,0.029644269
2022-3-2,2022-1-30,8,light,14,RAS_colony3,RAS_tank2,RAS,3,506,0.592885375,0.005928854
2022-3-2,2022-1-30,9,light,15,RAS_colony3,RAS_tank2,RAS,1,506,0.197628458,0.001976285
2022-3-2,2022-1-30,10,light,16,RAS_colony3,RAS_tank2,RAS,2,506,0.395256917,0.003952569
2022-3-2,2022-1-30,11,light,17,RAS_colony3,RAS_tank2,RAS,2,506,0.395256917,0.003952569
2022-3-2,2022-1-30,12,light,18,RAS_colony3,RAS_tank2,RAS,0,506,0,0
2022-3-2,2022-1-30,13,light,19,RAS_colony3,RAS_tank2,RAS,2,506,0.395256917,0.003952569
2022-3-2,2022-1-30,14,light,20,RAS_colony3,RAS_tank2,RAS,0,506,0,0
2022-3-2,2022-1-30,15,light,21,RAS_colony3,RAS_tank2,RAS,0,506,0,0
2022-3-2,2022-1-30,16,light,22,RAS_colony3,RAS_tank2,RAS,1,506,0.197628458,0.001976285
2022-3-2,2022-1-30,17,light,23,RAS_colony3,RAS_tank2,RAS,0,506,0,0
2022-3-2,2022-1-30,18,light,24,RAS_colony3,RAS_tank2,RAS,0,506,0,0
2022-3-2,2022-1-30,19,dark,25,RAS_colony3,RAS_tank2,RAS,6,506,1.185770751,0.011857708
2022-3-2,2022-1-30,20,dark,26,RAS_colony3,RAS_tank2,RAS,0,506,0,0
2022-3-2,2022-1-30,21,dark,27,RAS_colony3,RAS_tank2,RAS,0,506,0,0
2022-3-2,2022-1-30,22,dark,28,RAS_colony3,RAS_tank2,RAS,1,506,0.197628458,0.001976285
2022-3-2,2022-1-30,23,dark,29,RAS_colony3,RAS_tank2,RAS,3,506,0.592885375,0.005928854
2022-3-2,2022-1-30,00,dark,30,RAS_colony3,RAS_tank2,RAS,3,506,0.592885375,0.005928854
2022-3-3,2022-1-31,1,dark,31,RAS_colony3,RAS_tank2,RAS,6,506,1.185770751,0.011857708
2022-3-3,2022-1-31,2,dark,32,RAS_colony3,RAS_tank2,RAS,6,506,1.185770751,0.011857708
2022-3-3,2022-1-31,3,dark,33,RAS_colony3,RAS_tank2,RAS,5,506,0.988142292,0.009881423
2022-3-3,2022-1-31,4,dark,34,RAS_colony3,RAS_tank2,RAS,10,506,1.976284585,0.019762846
2022-3-3,2022-1-31,5,dark,35,RAS_colony3,RAS_tank2,RAS,1,506,0.197628458,0.001976285
2022-3-3,2022-1-31,6,dark,36,RAS_colony3,RAS_tank2,RAS,2,506,0.395256917,0.003952569
2022-3-3,2022-1-31,7,light,37,RAS_colony3,RAS_tank2,RAS,0,506,0,0
2022-3-3,2022-1-31,8,light,38,RAS_colony3,RAS_tank2,RAS,1,506,0.197628458,0.001976285
2022-3-3,2022-1-31,9,light,39,RAS_colony3,RAS_tank2,RAS,0,506,0,0
2022-3-3,2022-1-31,10,light,40,RAS_colony3,RAS_tank2,RAS,6,506,1.185770751,0.011857708
2022-3-3,2022-1-31,11,light,41,RAS_colony3,RAS_tank2,RAS,0,506,0,0
2022-3-3,2022-1-31,12,light,42,RAS_colony3,RAS_tank2,RAS,0,506,0,0
2022-3-3,2022-1-31,13,light,43,RAS_colony3,RAS_tank2,RAS,0,506,0,0
2022-3-3,2022-1-31,14,light,44,RAS_colony3,RAS_tank2,RAS,1,506,0.197628458,0.001976285
2022-3-3,2022-1-31,15,light,45,RAS_colony3,RAS_tank2,RAS,0,506,0,0
2022-3-3,2022-1-31,16,light,46,RAS_colony3,RAS_tank2,RAS,1,506,0.197628458,0.001976285
2022-3-3,2022-1-31,17,light,47,RAS_colony3,RAS_tank2,RAS,0,506,0,0
2022-3-3,2022-1-31,18,light,48,RAS_colony3,RAS_tank2,RAS,0,506,0,0
2022-3-1,2022-1-29,19,dark,1,RAS_colony12,RAS_tank3,RAS,13,127,10.23622047,0.102362205
2022-3-1,2022-1-29,20,dark,2,RAS_colony12,RAS_tank3,RAS,3,127,2.362204724,0.023622047
2022-3-1,2022-1-29,21,dark,3,RAS_colony12,RAS_tank3,RAS,0,127,0,0
2022-3-1,2022-1-29,22,dark,4,RAS_colony12,RAS_tank3,RAS,9,127,7.086614173,0.070866142
2022-3-1,2022-1-29,23,dark,5,RAS_colony12,RAS_tank3,RAS,20,127,15.7480315,0.157480315
2022-3-2,2022-1-30,00,dark,6,RAS_colony12,RAS_tank3,RAS,13,127,10.23622047,0.102362205
2022-3-2,2022-1-30,1,dark,7,RAS_colony12,RAS_tank3,RAS,10,127,7.874015748,0.078740157
2022-3-2,2022-1-30,2,dark,8,RAS_colony12,RAS_tank3,RAS,8,127,6.299212598,0.062992126
2022-3-2,2022-1-30,3,dark,9,RAS_colony12,RAS_tank3,RAS,0,127,0,0
2022-3-2,2022-1-30,4,dark,10,RAS_colony12,RAS_tank3,RAS,0,127,0,0
2022-3-2,2022-1-30,5,dark,11,RAS_colony12,RAS_tank3,RAS,2,127,1.57480315,0.015748031
2022-3-2,2022-1-30,6,dark,12,RAS_colony12,RAS_tank3,RAS,1,127,0.787401575,0.007874016
2022-3-2,2022-1-30,7,light,13,RAS_colony12,RAS_tank3,RAS,0,127,0,0
2022-3-2,2022-1-30,8,light,14,RAS_colony12,RAS_tank3,RAS,16,127,12.5984252,0.125984252
2022-3-2,2022-1-30,9,light,15,RAS_colony12,RAS_tank3,RAS,0,127,0,0
2022-3-2,2022-1-30,10,light,16,RAS_colony12,RAS_tank3,RAS,0,127,0,0
2022-3-2,2022-1-30,11,light,17,RAS_colony12,RAS_tank3,RAS,2,127,1.57480315,0.015748031
2022-3-2,2022-1-30,12,light,18,RAS_colony12,RAS_tank3,RAS,6,127,4.724409449,0.047244094
2022-3-2,2022-1-30,13,light,19,RAS_colony12,RAS_tank3,RAS,0,127,0,0
2022-3-2,2022-1-30,14,light,20,RAS_colony12,RAS_tank3,RAS,0,127,0,0
2022-3-2,2022-1-30,15,light,21,RAS_colony12,RAS_tank3,RAS,0,127,0,0
2022-3-2,2022-1-30,16,light,22,RAS_colony12,RAS_tank3,RAS,0,127,0,0
2022-3-2,2022-1-30,17,light,23,RAS_colony12,RAS_tank3,RAS,0,127,0,0
2022-3-2,2022-1-30,18,light,24,RAS_colony12,RAS_tank3,RAS,0,127,0,0
2022-3-2,2022-1-30,19,dark,25,RAS_colony12,RAS_tank3,RAS,0,127,0,0
2022-3-2,2022-1-30,20,dark,26,RAS_colony12,RAS_tank3,RAS,0,127,0,0
2022-3-2,2022-1-30,21,dark,27,RAS_colony12,RAS_tank3,RAS,2,127,1.57480315,0.015748031
2022-3-2,2022-1-30,22,dark,28,RAS_colony12,RAS_tank3,RAS,5,127,3.937007874,0.039370079
2022-3-2,2022-1-30,23,dark,29,RAS_colony12,RAS_tank3,RAS,1,127,0.787401575,0.007874016
2022-3-2,2022-1-30,00,dark,30,RAS_colony12,RAS_tank3,RAS,3,127,2.362204724,0.023622047
2022-3-3,2022-1-31,1,dark,31,RAS_colony12,RAS_tank3,RAS,0,127,0,0
2022-3-3,2022-1-31,2,dark,32,RAS_colony12,RAS_tank3,RAS,0,127,0,0
2022-3-3,2022-1-31,3,dark,33,RAS_colony12,RAS_tank3,RAS,1,127,0.787401575,0.007874016
2022-3-3,2022-1-31,4,dark,34,RAS_colony12,RAS_tank3,RAS,2,127,1.57480315,0.015748031
2022-3-3,2022-1-31,5,dark,35,RAS_colony12,RAS_tank3,RAS,7,127,5.511811024,0.05511811
2022-3-3,2022-1-31,6,dark,36,RAS_colony12,RAS_tank3,RAS,1,127,0.787401575,0.007874016
2022-3-3,2022-1-31,7,light,37,RAS_colony12,RAS_tank3,RAS,0,127,0,0
2022-3-3,2022-1-31,8,light,38,RAS_colony12,RAS_tank3,RAS,0,127,0,0
2022-3-3,2022-1-31,9,light,39,RAS_colony12,RAS_tank3,RAS,0,127,0,0
2022-3-3,2022-1-31,10,light,40,RAS_colony12,RAS_tank3,RAS,1,127,0.787401575,0.007874016
2022-3-3,2022-1-31,11,light,41,RAS_colony12,RAS_tank3,RAS,1,127,0.787401575,0.007874016
2022-3-3,2022-1-31,12,light,42,RAS_colony12,RAS_tank3,RAS,0,127,0,0
2022-3-3,2022-1-31,13,light,43,RAS_colony12,RAS_tank3,RAS,0,127,0,0
2022-3-3,2022-1-31,14,light,44,RAS_colony12,RAS_tank3,RAS,0,127,0,0
2022-3-3,2022-1-31,15,light,45,RAS_colony12,RAS_tank3,RAS,0,127,0,0
2022-3-3,2022-1-31,16,light,46,RAS_colony12,RAS_tank3,RAS,0,127,0,0
2022-3-3,2022-1-31,17,light,47,RAS_colony12,RAS_tank3,RAS,0,127,0,0
2022-3-3,2022-1-31,18,light,48,RAS_colony12,RAS_tank3,RAS,0,127,0,0
2022-3-1,2022-1-29,19,dark,1,RAS_colony1,RAS_tank3,RAS,20,449,4.454342984,0.04454343
2022-3-1,2022-1-29,20,dark,2,RAS_colony1,RAS_tank3,RAS,3,449,0.668151448,0.006681514
2022-3-1,2022-1-29,21,dark,3,RAS_colony1,RAS_tank3,RAS,4,449,0.890868597,0.008908686
2022-3-1,2022-1-29,22,dark,4,RAS_colony1,RAS_tank3,RAS,3,449,0.668151448,0.006681514
2022-3-1,2022-1-29,23,dark,5,RAS_colony1,RAS_tank3,RAS,11,449,2.449888641,0.024498886
2022-3-2,2022-1-30,00,dark,6,RAS_colony1,RAS_tank3,RAS,5,449,1.113585746,0.011135857
2022-3-2,2022-1-30,1,dark,7,RAS_colony1,RAS_tank3,RAS,3,449,0.668151448,0.006681514
2022-3-2,2022-1-30,2,dark,8,RAS_colony1,RAS_tank3,RAS,47,449,10.46770601,0.10467706
2022-3-2,2022-1-30,3,dark,9,RAS_colony1,RAS_tank3,RAS,96,449,21.38084633,0.213808463
2022-3-2,2022-1-30,4,dark,10,RAS_colony1,RAS_tank3,RAS,65,449,14.4766147,0.144766147
2022-3-2,2022-1-30,5,dark,11,RAS_colony1,RAS_tank3,RAS,57,449,12.69487751,0.126948775
2022-3-2,2022-1-30,6,dark,12,RAS_colony1,RAS_tank3,RAS,38,449,8.46325167,0.084632517
2022-3-2,2022-1-30,7,light,13,RAS_colony1,RAS_tank3,RAS,26,449,5.79064588,0.057906459
2022-3-2,2022-1-30,8,light,14,RAS_colony1,RAS_tank3,RAS,3,449,0.668151448,0.006681514
2022-3-2,2022-1-30,9,light,15,RAS_colony1,RAS_tank3,RAS,0,449,0,0
2022-3-2,2022-1-30,10,light,16,RAS_colony1,RAS_tank3,RAS,0,449,0,0
2022-3-2,2022-1-30,11,light,17,RAS_colony1,RAS_tank3,RAS,0,449,0,0
2022-3-2,2022-1-30,12,light,18,RAS_colony1,RAS_tank3,RAS,6,449,1.336302895,0.013363029
2022-3-2,2022-1-30,13,light,19,RAS_colony1,RAS_tank3,RAS,0,449,0,0
2022-3-2,2022-1-30,14,light,20,RAS_colony1,RAS_tank3,RAS,1,449,0.222717149,0.002227171
2022-3-2,2022-1-30,15,light,21,RAS_colony1,RAS_tank3,RAS,0,449,0,0
2022-3-2,2022-1-30,16,light,22,RAS_colony1,RAS_tank3,RAS,0,449,0,0
2022-3-2,2022-1-30,17,light,23,RAS_colony1,RAS_tank3,RAS,1,449,0.222717149,0.002227171
2022-3-2,2022-1-30,18,light,24,RAS_colony1,RAS_tank3,RAS,0,449,0,0
2022-3-2,2022-1-30,19,dark,25,RAS_colony1,RAS_tank3,RAS,13,449,2.89532294,0.028953229
2022-3-2,2022-1-30,20,dark,26,RAS_colony1,RAS_tank3,RAS,0,449,0,0
2022-3-2,2022-1-30,21,dark,27,RAS_colony1,RAS_tank3,RAS,1,449,0.222717149,0.002227171
2022-3-2,2022-1-30,22,dark,28,RAS_colony1,RAS_tank3,RAS,3,449,0.668151448,0.006681514
2022-3-2,2022-1-30,23,dark,29,RAS_colony1,RAS_tank3,RAS,1,449,0.222717149,0.002227171
2022-3-2,2022-1-30,00,dark,30,RAS_colony1,RAS_tank3,RAS,1,449,0.222717149,0.002227171
2022-3-3,2022-1-31,1,dark,31,RAS_colony1,RAS_tank3,RAS,1,449,0.222717149,0.002227171
2022-3-3,2022-1-31,2,dark,32,RAS_colony1,RAS_tank3,RAS,1,449,0.222717149,0.002227171
2022-3-3,2022-1-31,3,dark,33,RAS_colony1,RAS_tank3,RAS,9,449,2.004454343,0.020044543
2022-3-3,2022-1-31,4,dark,34,RAS_colony1,RAS_tank3,RAS,11,449,2.449888641,0.024498886
2022-3-3,2022-1-31,5,dark,35,RAS_colony1,RAS_tank3,RAS,11,449,2.449888641,0.024498886
2022-3-3,2022-1-31,6,dark,36,RAS_colony1,RAS_tank3,RAS,2,449,0.445434298,0.004454343
2022-3-3,2022-1-31,7,light,37,RAS_colony1,RAS_tank3,RAS,2,449,0.445434298,0.004454343
2022-3-3,2022-1-31,8,light,38,RAS_colony1,RAS_tank3,RAS,0,449,0,0
2022-3-3,2022-1-31,9,light,39,RAS_colony1,RAS_tank3,RAS,0,449,0,0
2022-3-3,2022-1-31,10,light,40,RAS_colony1,RAS_tank3,RAS,2,449,0.445434298,0.004454343
2022-3-3,2022-1-31,11,light,41,RAS_colony1,RAS_tank3,RAS,1,449,0.222717149,0.002227171
2022-3-3,2022-1-31,12,light,42,RAS_colony1,RAS_tank3,RAS,0,449,0,0
2022-3-3,2022-1-31,13,light,43,RAS_colony1,RAS_tank3,RAS,0,449,0,0
2022-3-3,2022-1-31,14,light,44,RAS_colony1,RAS_tank3,RAS,0,449,0,0
2022-3-3,2022-1-31,15,light,45,RAS_colony1,RAS_tank3,RAS,0,449,0,0
2022-3-3,2022-1-31,16,light,46,RAS_colony1,RAS_tank3,RAS,1,449,0.222717149,0.002227171
2022-3-3,2022-1-31,17,light,47,RAS_colony1,RAS_tank3,RAS,0,449,0,0
2022-3-3,2022-1-31,18,light,48,RAS_colony1,RAS_tank3,RAS,0,449,0,0
2022-3-1,2022-1-29,19,dark,1,RAS_colony2,RAS_tank3,RAS,0,96,0,0
2022-3-1,2022-1-29,20,dark,2,RAS_colony2,RAS_tank3,RAS,1,96,1.041666667,0.010416667
2022-3-1,2022-1-29,21,dark,3,RAS_colony2,RAS_tank3,RAS,8,96,8.333333333,0.083333333
2022-3-1,2022-1-29,22,dark,4,RAS_colony2,RAS_tank3,RAS,0,96,0,0
2022-3-1,2022-1-29,23,dark,5,RAS_colony2,RAS_tank3,RAS,0,96,0,0
2022-3-2,2022-1-30,00,dark,6,RAS_colony2,RAS_tank3,RAS,1,96,1.041666667,0.010416667
2022-3-2,2022-1-30,1,dark,7,RAS_colony2,RAS_tank3,RAS,0,96,0,0
2022-3-2,2022-1-30,2,dark,8,RAS_colony2,RAS_tank3,RAS,2,96,2.083333333,0.020833333
2022-3-2,2022-1-30,3,dark,9,RAS_colony2,RAS_tank3,RAS,32,96,33.33333333,0.333333333
2022-3-2,2022-1-30,4,dark,10,RAS_colony2,RAS_tank3,RAS,17,96,17.70833333,0.177083333
2022-3-2,2022-1-30,5,dark,11,RAS_colony2,RAS_tank3,RAS,4,96,4.166666667,0.041666667
2022-3-2,2022-1-30,6,dark,12,RAS_colony2,RAS_tank3,RAS,5,96,5.208333333,0.052083333
2022-3-2,2022-1-30,7,light,13,RAS_colony2,RAS_tank3,RAS,3,96,3.125,0.03125
2022-3-2,2022-1-30,8,light,14,RAS_colony2,RAS_tank3,RAS,0,96,0,0
2022-3-2,2022-1-30,9,light,15,RAS_colony2,RAS_tank3,RAS,0,96,0,0
2022-3-2,2022-1-30,10,light,16,RAS_colony2,RAS_tank3,RAS,2,96,2.083333333,0.020833333
2022-3-2,2022-1-30,11,light,17,RAS_colony2,RAS_tank3,RAS,1,96,1.041666667,0.010416667
2022-3-2,2022-1-30,12,light,18,RAS_colony2,RAS_tank3,RAS,0,96,0,0
2022-3-2,2022-1-30,13,light,19,RAS_colony2,RAS_tank3,RAS,0,96,0,0
2022-3-2,2022-1-30,14,light,20,RAS_colony2,RAS_tank3,RAS,0,96,0,0
2022-3-2,2022-1-30,15,light,21,RAS_colony2,RAS_tank3,RAS,0,96,0,0
2022-3-2,2022-1-30,16,light,22,RAS_colony2,RAS_tank3,RAS,0,96,0,0
2022-3-2,2022-1-30,17,light,23,RAS_colony2,RAS_tank3,RAS,0,96,0,0
2022-3-2,2022-1-30,18,light,24,RAS_colony2,RAS_tank3,RAS,1,96,1.041666667,0.010416667
2022-3-2,2022-1-30,19,dark,25,RAS_colony2,RAS_tank3,RAS,1,96,1.041666667,0.010416667
2022-3-2,2022-1-30,20,dark,26,RAS_colony2,RAS_tank3,RAS,0,96,0,0
2022-3-2,2022-1-30,21,dark,27,RAS_colony2,RAS_tank3,RAS,0,96,0,0
2022-3-2,2022-1-30,22,dark,28,RAS_colony2,RAS_tank3,RAS,0,96,0,0
2022-3-2,2022-1-30,23,dark,29,RAS_colony2,RAS_tank3,RAS,0,96,0,0
2022-3-2,2022-1-30,00,dark,30,RAS_colony2,RAS_tank3,RAS,0,96,0,0
2022-3-3,2022-1-31,1,dark,31,RAS_colony2,RAS_tank3,RAS,0,96,0,0
2022-3-3,2022-1-31,2,dark,32,RAS_colony2,RAS_tank3,RAS,2,96,2.083333333,0.020833333
2022-3-3,2022-1-31,3,dark,33,RAS_colony2,RAS_tank3,RAS,3,96,3.125,0.03125
2022-3-3,2022-1-31,4,dark,34,RAS_colony2,RAS_tank3,RAS,5,96,5.208333333,0.052083333
2022-3-3,2022-1-31,5,dark,35,RAS_colony2,RAS_tank3,RAS,3,96,3.125,0.03125
2022-3-3,2022-1-31,6,dark,36,RAS_colony2,RAS_tank3,RAS,1,96,1.041666667,0.010416667
2022-3-3,2022-1-31,7,light,37,RAS_colony2,RAS_tank3,RAS,0,96,0,0
2022-3-3,2022-1-31,8,light,38,RAS_colony2,RAS_tank3,RAS,0,96,0,0
2022-3-3,2022-1-31,9,light,39,RAS_colony2,RAS_tank3,RAS,0,96,0,0
2022-3-3,2022-1-31,10,light,40,RAS_colony2,RAS_tank3,RAS,3,96,3.125,0.03125
2022-3-3,2022-1-31,11,light,41,RAS_colony2,RAS_tank3,RAS,0,96,0,0
2022-3-3,2022-1-31,12,light,42,RAS_colony2,RAS_tank3,RAS,0,96,0,0
2022-3-3,2022-1-31,13,light,43,RAS_colony2,RAS_tank3,RAS,1,96,1.041666667,0.010416667
2022-3-3,2022-1-31,14,light,44,RAS_colony2,RAS_tank3,RAS,0,96,0,0
2022-3-3,2022-1-31,15,light,45,RAS_colony2,RAS_tank3,RAS,0,96,0,0
2022-3-3,2022-1-31,16,light,46,RAS_colony2,RAS_tank3,RAS,0,96,0,0
2022-3-3,2022-1-31,17,light,47,RAS_colony2,RAS_tank3,RAS,0,96,0,0
2022-3-3,2022-1-31,18,light,48,RAS_colony2,RAS_tank3,RAS,0,96,0,0
2022-1-13,2022-12-11,19,dark,1,FTS_colony2,FTS_tank1,FTS,7,152,4.605263158,0.046052632
2022-1-13,2022-12-11,20,dark,2,FTS_colony2,FTS_tank1,FTS,14,152,9.210526316,0.092105263
2022-1-13,2022-12-11,21,dark,3,FTS_colony2,FTS_tank1,FTS,0,152,0,0
2022-1-13,2022-12-11,22,dark,4,FTS_colony2,FTS_tank1,FTS,2,152,1.315789474,0.013157895
2022-1-13,2022-12-11,23,dark,5,FTS_colony2,FTS_tank1,FTS,1,152,0.657894737,0.006578947
2022-1-14,2022-12-12,00,dark,6,FTS_colony2,FTS_tank1,FTS,3,152,1.973684211,0.019736842
2022-1-14,2022-12-12,1,dark,7,FTS_colony2,FTS_tank1,FTS,2,152,1.315789474,0.013157895
2022-1-14,2022-12-12,2,dark,8,FTS_colony2,FTS_tank1,FTS,9,152,5.921052632,0.059210526
2022-1-14,2022-12-12,3,dark,9,FTS_colony2,FTS_tank1,FTS,26,152,17.10526316,0.171052632
2022-1-14,2022-12-12,4,dark,10,FTS_colony2,FTS_tank1,FTS,24,152,15.78947368,0.157894737
2022-1-14,2022-12-12,5,dark,11,FTS_colony2,FTS_tank1,FTS,11,152,7.236842105,0.072368421
2022-1-14,2022-12-12,6,dark,12,FTS_colony2,FTS_tank1,FTS,12,152,7.894736842,0.078947368
2022-1-14,2022-12-12,7,light,13,FTS_colony2,FTS_tank1,FTS,7,152,4.605263158,0.046052632
2022-1-14,2022-12-12,8,light,14,FTS_colony2,FTS_tank1,FTS,2,152,1.315789474,0.013157895
2022-1-14,2022-12-12,9,light,15,FTS_colony2,FTS_tank1,FTS,1,152,0.657894737,0.006578947
2022-1-14,2022-12-12,10,light,16,FTS_colony2,FTS_tank1,FTS,3,152,1.973684211,0.019736842
2022-1-14,2022-12-12,11,light,17,FTS_colony2,FTS_tank1,FTS,0,152,0,0
2022-1-14,2022-12-12,12,light,18,FTS_colony2,FTS_tank1,FTS,0,152,0,0
2022-1-14,2022-12-12,13,light,19,FTS_colony2,FTS_tank1,FTS,0,152,0,0
2022-1-14,2022-12-12,14,light,20,FTS_colony2,FTS_tank1,FTS,0,152,0,0
2022-1-14,2022-12-12,15,light,21,FTS_colony2,FTS_tank1,FTS,0,152,0,0
2022-1-14,2022-12-12,16,light,22,FTS_colony2,FTS_tank1,FTS,0,152,0,0
2022-1-14,2022-12-12,17,light,23,FTS_colony2,FTS_tank1,FTS,0,152,0,0
2022-1-14,2022-12-12,18,light,24,FTS_colony2,FTS_tank1,FTS,0,152,0,0
2022-1-14,2022-12-12,19,dark,25,FTS_colony2,FTS_tank1,FTS,0,152,0,0
2022-1-14,2022-12-12,20,dark,26,FTS_colony2,FTS_tank1,FTS,0,152,0,0
2022-1-14,2022-12-12,21,dark,27,FTS_colony2,FTS_tank1,FTS,0,152,0,0
2022-1-14,2022-12-12,22,dark,28,FTS_colony2,FTS_tank1,FTS,0,152,0,0
2022-1-14,2022-12-12,23,dark,29,FTS_colony2,FTS_tank1,FTS,0,152,0,0
2022-1-15,2022-12-13,00,dark,30,FTS_colony2,FTS_tank1,FTS,0,152,0,0
2022-1-15,2022-12-13,1,dark,31,FTS_colony2,FTS_tank1,FTS,0,152,0,0
2022-1-15,2022-12-13,2,dark,32,FTS_colony2,FTS_tank1,FTS,1,152,0.657894737,0.006578947
2022-1-15,2022-12-13,3,dark,33,FTS_colony2,FTS_tank1,FTS,1,152,0.657894737,0.006578947
2022-1-15,2022-12-13,4,dark,34,FTS_colony2,FTS_tank1,FTS,1,152,0.657894737,0.006578947
2022-1-15,2022-12-13,5,dark,35,FTS_colony2,FTS_tank1,FTS,5,152,3.289473684,0.032894737
2022-1-15,2022-12-13,6,dark,36,FTS_colony2,FTS_tank1,FTS,16,152,10.52631579,0.105263158
2022-1-15,2022-12-13,7,light,37,FTS_colony2,FTS_tank1,FTS,0,152,0,0
2022-1-15,2022-12-13,8,light,38,FTS_colony2,FTS_tank1,FTS,2,152,1.315789474,0.013157895
2022-1-15,2022-12-13,9,light,39,FTS_colony2,FTS_tank1,FTS,0,152,0,0
2022-1-15,2022-12-13,10,light,40,FTS_colony2,FTS_tank1,FTS,0,152,0,0
2022-1-15,2022-12-13,11,light,41,FTS_colony2,FTS_tank1,FTS,0,152,0,0
2022-1-15,2022-12-13,12,light,42,FTS_colony2,FTS_tank1,FTS,0,152,0,0
2022-1-15,2022-12-13,13,light,43,FTS_colony2,FTS_tank1,FTS,0,152,0,0
2022-1-15,2022-12-13,14,light,44,FTS_colony2,FTS_tank1,FTS,0,152,0,0
2022-1-15,2022-12-13,15,light,45,FTS_colony2,FTS_tank1,FTS,1,152,0.657894737,0.006578947
2022-1-15,2022-12-13,16,light,46,FTS_colony2,FTS_tank1,FTS,0,152,0,0
2022-1-15,2022-12-13,17,light,47,FTS_colony2,FTS_tank1,FTS,0,152,0,0
2022-1-15,2022-12-13,18,light,48,FTS_colony2,FTS_tank1,FTS,1,152,0.657894737,0.006578947
2022-1-13,2022-12-11,19,dark,1,FTS_colony11,FTS_tank1,FTS,3,56,5.357142857,0.053571429
2022-1-13,2022-12-11,20,dark,2,FTS_colony11,FTS_tank1,FTS,0,56,0,0
2022-1-13,2022-12-11,21,dark,3,FTS_colony11,FTS_tank1,FTS,0,56,0,0
2022-1-13,2022-12-11,22,dark,4,FTS_colony11,FTS_tank1,FTS,0,56,0,0
2022-1-13,2022-12-11,23,dark,5,FTS_colony11,FTS_tank1,FTS,3,56,5.357142857,0.053571429
2022-1-14,2022-12-12,00,dark,6,FTS_colony11,FTS_tank1,FTS,1,56,1.785714286,0.017857143
2022-1-14,2022-12-12,1,dark,7,FTS_colony11,FTS_tank1,FTS,5,56,8.928571429,0.089285714
2022-1-14,2022-12-12,2,dark,8,FTS_colony11,FTS_tank1,FTS,7,56,12.5,0.125
2022-1-14,2022-12-12,3,dark,9,FTS_colony11,FTS_tank1,FTS,4,56,7.142857143,0.071428571
2022-1-14,2022-12-12,4,dark,10,FTS_colony11,FTS_tank1,FTS,4,56,7.142857143,0.071428571
2022-1-14,2022-12-12,5,dark,11,FTS_colony11,FTS_tank1,FTS,6,56,10.71428571,0.107142857
2022-1-14,2022-12-12,6,dark,12,FTS_colony11,FTS_tank1,FTS,1,56,1.785714286,0.017857143
2022-1-14,2022-12-12,7,light,13,FTS_colony11,FTS_tank1,FTS,4,56,7.142857143,0.071428571
2022-1-14,2022-12-12,8,light,14,FTS_colony11,FTS_tank1,FTS,0,56,0,0
2022-1-14,2022-12-12,9,light,15,FTS_colony11,FTS_tank1,FTS,3,56,5.357142857,0.053571429
2022-1-14,2022-12-12,10,light,16,FTS_colony11,FTS_tank1,FTS,0,56,0,0
2022-1-14,2022-12-12,11,light,17,FTS_colony11,FTS_tank1,FTS,0,56,0,0
2022-1-14,2022-12-12,12,light,18,FTS_colony11,FTS_tank1,FTS,0,56,0,0
2022-1-14,2022-12-12,13,light,19,FTS_colony11,FTS_tank1,FTS,0,56,0,0
2022-1-14,2022-12-12,14,light,20,FTS_colony11,FTS_tank1,FTS,0,56,0,0
2022-1-14,2022-12-12,15,light,21,FTS_colony11,FTS_tank1,FTS,0,56,0,0
2022-1-14,2022-12-12,16,light,22,FTS_colony11,FTS_tank1,FTS,0,56,0,0
2022-1-14,2022-12-12,17,light,23,FTS_colony11,FTS_tank1,FTS,0,56,0,0
2022-1-14,2022-12-12,18,light,24,FTS_colony11,FTS_tank1,FTS,0,56,0,0
2022-1-14,2022-12-12,19,dark,25,FTS_colony11,FTS_tank1,FTS,0,56,0,0
2022-1-14,2022-12-12,20,dark,26,FTS_colony11,FTS_tank1,FTS,0,56,0,0
2022-1-14,2022-12-12,21,dark,27,FTS_colony11,FTS_tank1,FTS,0,56,0,0
2022-1-14,2022-12-12,22,dark,28,FTS_colony11,FTS_tank1,FTS,0,56,0,0
2022-1-14,2022-12-12,23,dark,29,FTS_colony11,FTS_tank1,FTS,0,56,0,0
2022-1-15,2022-12-13,00,dark,30,FTS_colony11,FTS_tank1,FTS,1,56,1.785714286,0.017857143
2022-1-15,2022-12-13,1,dark,31,FTS_colony11,FTS_tank1,FTS,0,56,0,0
2022-1-15,2022-12-13,2,dark,32,FTS_colony11,FTS_tank1,FTS,1,56,1.785714286,0.017857143
2022-1-15,2022-12-13,3,dark,33,FTS_colony11,FTS_tank1,FTS,2,56,3.571428571,0.035714286
2022-1-15,2022-12-13,4,dark,34,FTS_colony11,FTS_tank1,FTS,2,56,3.571428571,0.035714286
2022-1-15,2022-12-13,5,dark,35,FTS_colony11,FTS_tank1,FTS,4,56,7.142857143,0.071428571
2022-1-15,2022-12-13,6,dark,36,FTS_colony11,FTS_tank1,FTS,1,56,1.785714286,0.017857143
2022-1-15,2022-12-13,7,light,37,FTS_colony11,FTS_tank1,FTS,0,56,0,0
2022-1-15,2022-12-13,8,light,38,FTS_colony11,FTS_tank1,FTS,0,56,0,0
2022-1-15,2022-12-13,9,light,39,FTS_colony11,FTS_tank1,FTS,3,56,5.357142857,0.053571429
2022-1-15,2022-12-13,10,light,40,FTS_colony11,FTS_tank1,FTS,1,56,1.785714286,0.017857143
2022-1-15,2022-12-13,11,light,41,FTS_colony11,FTS_tank1,FTS,0,56,0,0
2022-1-15,2022-12-13,12,light,42,FTS_colony11,FTS_tank1,FTS,0,56,0,0
2022-1-15,2022-12-13,13,light,43,FTS_colony11,FTS_tank1,FTS,0,56,0,0
2022-1-15,2022-12-13,14,light,44,FTS_colony11,FTS_tank1,FTS,0,56,0,0
2022-1-15,2022-12-13,15,light,45,FTS_colony11,FTS_tank1,FTS,0,56,0,0
2022-1-15,2022-12-13,16,light,46,FTS_colony11,FTS_tank1,FTS,0,56,0,0
2022-1-15,2022-12-13,17,light,47,FTS_colony11,FTS_tank1,FTS,0,56,0,0
2022-1-15,2022-12-13,18,light,48,FTS_colony11,FTS_tank1,FTS,0,56,0,0
2022-1-13,2022-12-11,19,dark,1,FTS_colony12,FTS_tank1,FTS,2,91,2.197802198,0.021978022
2022-1-13,2022-12-11,20,dark,2,FTS_colony12,FTS_tank1,FTS,1,91,1.098901099,0.010989011
2022-1-13,2022-12-11,21,dark,3,FTS_colony12,FTS_tank1,FTS,1,91,1.098901099,0.010989011
2022-1-13,2022-12-11,22,dark,4,FTS_colony12,FTS_tank1,FTS,12,91,13.18681319,0.131868132
2022-1-13,2022-12-11,23,dark,5,FTS_colony12,FTS_tank1,FTS,1,91,1.098901099,0.010989011
2022-1-14,2022-12-12,00,dark,6,FTS_colony12,FTS_tank1,FTS,1,91,1.098901099,0.010989011
2022-1-14,2022-12-12,1,dark,7,FTS_colony12,FTS_tank1,FTS,1,91,1.098901099,0.010989011
2022-1-14,2022-12-12,2,dark,8,FTS_colony12,FTS_tank1,FTS,2,91,2.197802198,0.021978022
2022-1-14,2022-12-12,3,dark,9,FTS_colony12,FTS_tank1,FTS,0,91,0,0
2022-1-14,2022-12-12,4,dark,10,FTS_colony12,FTS_tank1,FTS,51,91,56.04395604,0.56043956
2022-1-14,2022-12-12,5,dark,11,FTS_colony12,FTS_tank1,FTS,3,91,3.296703297,0.032967033
2022-1-14,2022-12-12,6,dark,12,FTS_colony12,FTS_tank1,FTS,2,91,2.197802198,0.021978022
2022-1-14,2022-12-12,7,light,13,FTS_colony12,FTS_tank1,FTS,4,91,4.395604396,0.043956044
2022-1-14,2022-12-12,8,light,14,FTS_colony12,FTS_tank1,FTS,1,91,1.098901099,0.010989011
2022-1-14,2022-12-12,9,light,15,FTS_colony12,FTS_tank1,FTS,1,91,1.098901099,0.010989011
2022-1-14,2022-12-12,10,light,16,FTS_colony12,FTS_tank1,FTS,1,91,1.098901099,0.010989011
2022-1-14,2022-12-12,11,light,17,FTS_colony12,FTS_tank1,FTS,0,91,0,0
2022-1-14,2022-12-12,12,light,18,FTS_colony12,FTS_tank1,FTS,0,91,0,0
2022-1-14,2022-12-12,13,light,19,FTS_colony12,FTS_tank1,FTS,0,91,0,0
2022-1-14,2022-12-12,14,light,20,FTS_colony12,FTS_tank1,FTS,3,91,3.296703297,0.032967033
2022-1-14,2022-12-12,15,light,21,FTS_colony12,FTS_tank1,FTS,0,91,0,0
2022-1-14,2022-12-12,16,light,22,FTS_colony12,FTS_tank1,FTS,0,91,0,0
2022-1-14,2022-12-12,17,light,23,FTS_colony12,FTS_tank1,FTS,0,91,0,0
2022-1-14,2022-12-12,18,light,24,FTS_colony12,FTS_tank1,FTS,0,91,0,0
2022-1-14,2022-12-12,19,dark,25,FTS_colony12,FTS_tank1,FTS,0,91,0,0
2022-1-14,2022-12-12,20,dark,26,FTS_colony12,FTS_tank1,FTS,0,91,0,0
2022-1-14,2022-12-12,21,dark,27,FTS_colony12,FTS_tank1,FTS,0,91,0,0
2022-1-14,2022-12-12,22,dark,28,FTS_colony12,FTS_tank1,FTS,0,91,0,0
2022-1-14,2022-12-12,23,dark,29,FTS_colony12,FTS_tank1,FTS,0,91,0,0
2022-1-15,2022-12-13,00,dark,30,FTS_colony12,FTS_tank1,FTS,0,91,0,0
2022-1-15,2022-12-13,1,dark,31,FTS_colony12,FTS_tank1,FTS,0,91,0,0
2022-1-15,2022-12-13,2,dark,32,FTS_colony12,FTS_tank1,FTS,0,91,0,0
2022-1-15,2022-12-13,3,dark,33,FTS_colony12,FTS_tank1,FTS,0,91,0,0
2022-1-15,2022-12-13,4,dark,34,FTS_colony12,FTS_tank1,FTS,1,91,1.098901099,0.010989011
2022-1-15,2022-12-13,5,dark,35,FTS_colony12,FTS_tank1,FTS,2,91,2.197802198,0.021978022
2022-1-15,2022-12-13,6,dark,36,FTS_colony12,FTS_tank1,FTS,0,91,0,0
2022-1-15,2022-12-13,7,light,37,FTS_colony12,FTS_tank1,FTS,1,91,1.098901099,0.010989011
2022-1-15,2022-12-13,8,light,38,FTS_colony12,FTS_tank1,FTS,0,91,0,0
2022-1-15,2022-12-13,9,light,39,FTS_colony12,FTS_tank1,FTS,0,91,0,0
2022-1-15,2022-12-13,10,light,40,FTS_colony12,FTS_tank1,FTS,0,91,0,0
2022-1-15,2022-12-13,11,light,41,FTS_colony12,FTS_tank1,FTS,0,91,0,0
2022-1-15,2022-12-13,12,light,42,FTS_colony12,FTS_tank1,FTS,0,91,0,0
2022-1-15,2022-12-13,13,light,43,FTS_colony12,FTS_tank1,FTS,0,91,0,0
2022-1-15,2022-12-13,14,light,44,FTS_colony12,FTS_tank1,FTS,0,91,0,0
2022-1-15,2022-12-13,15,light,45,FTS_colony12,FTS_tank1,FTS,0,91,0,0
2022-1-15,2022-12-13,16,light,46,FTS_colony12,FTS_tank1,FTS,0,91,0,0
2022-1-15,2022-12-13,17,light,47,FTS_colony12,FTS_tank1,FTS,0,91,0,0
2022-1-15,2022-12-13,18,light,48,FTS_colony12,FTS_tank1,FTS,0,91,0,0
2022-1-13,2022-12-11,19,dark,1,FTS_colony10,FTS_tank2,FTS,0,86,0,0
2022-1-13,2022-12-11,20,dark,2,FTS_colony10,FTS_tank2,FTS,1,86,1.162790698,0.011627907
2022-1-13,2022-12-11,21,dark,3,FTS_colony10,FTS_tank2,FTS,1,86,1.162790698,0.011627907
2022-1-13,2022-12-11,22,dark,4,FTS_colony10,FTS_tank2,FTS,0,86,0,0
2022-1-13,2022-12-11,23,dark,5,FTS_colony10,FTS_tank2,FTS,2,86,2.325581395,0.023255814
2022-1-14,2022-12-12,00,dark,6,FTS_colony10,FTS_tank2,FTS,1,86,1.162790698,0.011627907
2022-1-14,2022-12-12,1,dark,7,FTS_colony10,FTS_tank2,FTS,0,86,0,0
2022-1-14,2022-12-12,2,dark,8,FTS_colony10,FTS_tank2,FTS,0,86,0,0
2022-1-14,2022-12-12,3,dark,9,FTS_colony10,FTS_tank2,FTS,0,86,0,0
2022-1-14,2022-12-12,4,dark,10,FTS_colony10,FTS_tank2,FTS,2,86,2.325581395,0.023255814
2022-1-14,2022-12-12,5,dark,11,FTS_colony10,FTS_tank2,FTS,31,86,36.04651163,0.360465116
2022-1-14,2022-12-12,6,dark,12,FTS_colony10,FTS_tank2,FTS,16,86,18.60465116,0.186046512
2022-1-14,2022-12-12,7,light,13,FTS_colony10,FTS_tank2,FTS,5,86,5.813953488,0.058139535
2022-1-14,2022-12-12,8,light,14,FTS_colony10,FTS_tank2,FTS,0,86,0,0
2022-1-14,2022-12-12,9,light,15,FTS_colony10,FTS_tank2,FTS,1,86,1.162790698,0.011627907
2022-1-14,2022-12-12,10,light,16,FTS_colony10,FTS_tank2,FTS,1,86,1.162790698,0.011627907
2022-1-14,2022-12-12,11,light,17,FTS_colony10,FTS_tank2,FTS,2,86,2.325581395,0.023255814
2022-1-14,2022-12-12,12,light,18,FTS_colony10,FTS_tank2,FTS,0,86,0,0
2022-1-14,2022-12-12,13,light,19,FTS_colony10,FTS_tank2,FTS,0,86,0,0
2022-1-14,2022-12-12,14,light,20,FTS_colony10,FTS_tank2,FTS,0,86,0,0
2022-1-14,2022-12-12,15,light,21,FTS_colony10,FTS_tank2,FTS,1,86,1.162790698,0.011627907
2022-1-14,2022-12-12,16,light,22,FTS_colony10,FTS_tank2,FTS,0,86,0,0
2022-1-14,2022-12-12,17,light,23,FTS_colony10,FTS_tank2,FTS,0,86,0,0
2022-1-14,2022-12-12,18,light,24,FTS_colony10,FTS_tank2,FTS,0,86,0,0
2022-1-14,2022-12-12,19,dark,25,FTS_colony10,FTS_tank2,FTS,0,86,0,0
2022-1-14,2022-12-12,20,dark,26,FTS_colony10,FTS_tank2,FTS,0,86,0,0
2022-1-14,2022-12-12,21,dark,27,FTS_colony10,FTS_tank2,FTS,0,86,0,0
2022-1-14,2022-12-12,22,dark,28,FTS_colony10,FTS_tank2,FTS,0,86,0,0
2022-1-14,2022-12-12,23,dark,29,FTS_colony10,FTS_tank2,FTS,0,86,0,0
2022-1-15,2022-12-13,00,dark,30,FTS_colony10,FTS_tank2,FTS,0,86,0,0
2022-1-15,2022-12-13,1,dark,31,FTS_colony10,FTS_tank2,FTS,0,86,0,0
2022-1-15,2022-12-13,2,dark,32,FTS_colony10,FTS_tank2,FTS,1,86,1.162790698,0.011627907
2022-1-15,2022-12-13,3,dark,33,FTS_colony10,FTS_tank2,FTS,1,86,1.162790698,0.011627907
2022-1-15,2022-12-13,4,dark,34,FTS_colony10,FTS_tank2,FTS,1,86,1.162790698,0.011627907
2022-1-15,2022-12-13,5,dark,35,FTS_colony10,FTS_tank2,FTS,14,86,16.27906977,0.162790698
2022-1-15,2022-12-13,6,dark,36,FTS_colony10,FTS_tank2,FTS,2,86,2.325581395,0.023255814
2022-1-15,2022-12-13,7,light,37,FTS_colony10,FTS_tank2,FTS,1,86,1.162790698,0.011627907
2022-1-15,2022-12-13,8,light,38,FTS_colony10,FTS_tank2,FTS,1,86,1.162790698,0.011627907
2022-1-15,2022-12-13,9,light,39,FTS_colony10,FTS_tank2,FTS,0,86,0,0
2022-1-15,2022-12-13,10,light,40,FTS_colony10,FTS_tank2,FTS,1,86,1.162790698,0.011627907
2022-1-15,2022-12-13,11,light,41,FTS_colony10,FTS_tank2,FTS,0,86,0,0
2022-1-15,2022-12-13,12,light,42,FTS_colony10,FTS_tank2,FTS,0,86,0,0
2022-1-15,2022-12-13,13,light,43,FTS_colony10,FTS_tank2,FTS,0,86,0,0
2022-1-15,2022-12-13,14,light,44,FTS_colony10,FTS_tank2,FTS,0,86,0,0
2022-1-15,2022-12-13,15,light,45,FTS_colony10,FTS_tank2,FTS,0,86,0,0
2022-1-15,2022-12-13,16,light,46,FTS_colony10,FTS_tank2,FTS,0,86,0,0
2022-1-15,2022-12-13,17,light,47,FTS_colony10,FTS_tank2,FTS,0,86,0,0
2022-1-15,2022-12-13,18,light,48,FTS_colony10,FTS_tank2,FTS,0,86,0,0
2022-1-13,2022-12-11,19,dark,1,FTS_colony4,FTS_tank2,FTS,5,170,2.941176471,0.029411765
2022-1-13,2022-12-11,20,dark,2,FTS_colony4,FTS_tank2,FTS,2,170,1.176470588,0.011764706
2022-1-13,2022-12-11,21,dark,3,FTS_colony4,FTS_tank2,FTS,1,170,0.588235294,0.005882353
2022-1-13,2022-12-11,22,dark,4,FTS_colony4,FTS_tank2,FTS,0,170,0,0
2022-1-13,2022-12-11,23,dark,5,FTS_colony4,FTS_tank2,FTS,3,170,1.764705882,0.017647059
2022-1-14,2022-12-12,00,dark,6,FTS_colony4,FTS_tank2,FTS,3,170,1.764705882,0.017647059
2022-1-14,2022-12-12,1,dark,7,FTS_colony4,FTS_tank2,FTS,1,170,0.588235294,0.005882353
2022-1-14,2022-12-12,2,dark,8,FTS_colony4,FTS_tank2,FTS,0,170,0,0
2022-1-14,2022-12-12,3,dark,9,FTS_colony4,FTS_tank2,FTS,7,170,4.117647059,0.041176471
2022-1-14,2022-12-12,4,dark,10,FTS_colony4,FTS_tank2,FTS,15,170,8.823529412,0.088235294
2022-1-14,2022-12-12,5,dark,11,FTS_colony4,FTS_tank2,FTS,31,170,18.23529412,0.182352941
2022-1-14,2022-12-12,6,dark,12,FTS_colony4,FTS_tank2,FTS,30,170,17.64705882,0.176470588
2022-1-14,2022-12-12,7,light,13,FTS_colony4,FTS_tank2,FTS,16,170,9.411764706,0.094117647
2022-1-14,2022-12-12,8,light,14,FTS_colony4,FTS_tank2,FTS,3,170,1.764705882,0.017647059
2022-1-14,2022-12-12,9,light,15,FTS_colony4,FTS_tank2,FTS,0,170,0,0
2022-1-14,2022-12-12,10,light,16,FTS_colony4,FTS_tank2,FTS,2,170,1.176470588,0.011764706
2022-1-14,2022-12-12,11,light,17,FTS_colony4,FTS_tank2,FTS,0,170,0,0
2022-1-14,2022-12-12,12,light,18,FTS_colony4,FTS_tank2,FTS,0,170,0,0
2022-1-14,2022-12-12,13,light,19,FTS_colony4,FTS_tank2,FTS,0,170,0,0
2022-1-14,2022-12-12,14,light,20,FTS_colony4,FTS_tank2,FTS,0,170,0,0
2022-1-14,2022-12-12,15,light,21,FTS_colony4,FTS_tank2,FTS,0,170,0,0
2022-1-14,2022-12-12,16,light,22,FTS_colony4,FTS_tank2,FTS,0,170,0,0
2022-1-14,2022-12-12,17,light,23,FTS_colony4,FTS_tank2,FTS,0,170,0,0
2022-1-14,2022-12-12,18,light,24,FTS_colony4,FTS_tank2,FTS,0,170,0,0
2022-1-14,2022-12-12,19,dark,25,FTS_colony4,FTS_tank2,FTS,0,170,0,0
2022-1-14,2022-12-12,20,dark,26,FTS_colony4,FTS_tank2,FTS,0,170,0,0
2022-1-14,2022-12-12,21,dark,27,FTS_colony4,FTS_tank2,FTS,0,170,0,0
2022-1-14,2022-12-12,22,dark,28,FTS_colony4,FTS_tank2,FTS,0,170,0,0
2022-1-14,2022-12-12,23,dark,29,FTS_colony4,FTS_tank2,FTS,0,170,0,0
2022-1-15,2022-12-13,00,dark,30,FTS_colony4,FTS_tank2,FTS,0,170,0,0
2022-1-15,2022-12-13,1,dark,31,FTS_colony4,FTS_tank2,FTS,1,170,0.588235294,0.005882353
2022-1-15,2022-12-13,2,dark,32,FTS_colony4,FTS_tank2,FTS,0,170,0,0
2022-1-15,2022-12-13,3,dark,33,FTS_colony4,FTS_tank2,FTS,1,170,0.588235294,0.005882353
2022-1-15,2022-12-13,4,dark,34,FTS_colony4,FTS_tank2,FTS,6,170,3.529411765,0.035294118
2022-1-15,2022-12-13,5,dark,35,FTS_colony4,FTS_tank2,FTS,22,170,12.94117647,0.129411765
2022-1-15,2022-12-13,6,dark,36,FTS_colony4,FTS_tank2,FTS,10,170,5.882352941,0.058823529
2022-1-15,2022-12-13,7,light,37,FTS_colony4,FTS_tank2,FTS,6,170,3.529411765,0.035294118
2022-1-15,2022-12-13,8,light,38,FTS_colony4,FTS_tank2,FTS,0,170,0,0
2022-1-15,2022-12-13,9,light,39,FTS_colony4,FTS_tank2,FTS,2,170,1.176470588,0.011764706
2022-1-15,2022-12-13,10,light,40,FTS_colony4,FTS_tank2,FTS,0,170,0,0
2022-1-15,2022-12-13,11,light,41,FTS_colony4,FTS_tank2,FTS,0,170,0,0
2022-1-15,2022-12-13,12,light,42,FTS_colony4,FTS_tank2,FTS,1,170,0.588235294,0.005882353
2022-1-15,2022-12-13,13,light,43,FTS_colony4,FTS_tank2,FTS,0,170,0,0
2022-1-15,2022-12-13,14,light,44,FTS_colony4,FTS_tank2,FTS,0,170,0,0
2022-1-15,2022-12-13,15,light,45,FTS_colony4,FTS_tank2,FTS,0,170,0,0
2022-1-15,2022-12-13,16,light,46,FTS_colony4,FTS_tank2,FTS,1,170,0.588235294,0.005882353
2022-1-15,2022-12-13,17,light,47,FTS_colony4,FTS_tank2,FTS,1,170,0.588235294,0.005882353
2022-1-15,2022-12-13,18,light,48,FTS_colony4,FTS_tank2,FTS,0,170,0,0
2022-1-13,2022-12-11,19,dark,1,FTS_colony9,FTS_tank2,FTS,3,61,4.918032787,0.049180328
2022-1-13,2022-12-11,20,dark,2,FTS_colony9,FTS_tank2,FTS,3,61,4.918032787,0.049180328
2022-1-13,2022-12-11,21,dark,3,FTS_colony9,FTS_tank2,FTS,0,61,0,0
2022-1-13,2022-12-11,22,dark,4,FTS_colony9,FTS_tank2,FTS,0,61,0,0
2022-1-13,2022-12-11,23,dark,5,FTS_colony9,FTS_tank2,FTS,0,61,0,0
2022-1-14,2022-12-12,00,dark,6,FTS_colony9,FTS_tank2,FTS,5,61,8.196721311,0.081967213
2022-1-14,2022-12-12,1,dark,7,FTS_colony9,FTS_tank2,FTS,2,61,3.278688525,0.032786885
2022-1-14,2022-12-12,2,dark,8,FTS_colony9,FTS_tank2,FTS,2,61,3.278688525,0.032786885
2022-1-14,2022-12-12,3,dark,9,FTS_colony9,FTS_tank2,FTS,2,61,3.278688525,0.032786885
2022-1-14,2022-12-12,4,dark,10,FTS_colony9,FTS_tank2,FTS,2,61,3.278688525,0.032786885
2022-1-14,2022-12-12,5,dark,11,FTS_colony9,FTS_tank2,FTS,3,61,4.918032787,0.049180328
2022-1-14,2022-12-12,6,dark,12,FTS_colony9,FTS_tank2,FTS,6,61,9.836065574,0.098360656
2022-1-14,2022-12-12,7,light,13,FTS_colony9,FTS_tank2,FTS,6,61,9.836065574,0.098360656
2022-1-14,2022-12-12,8,light,14,FTS_colony9,FTS_tank2,FTS,0,61,0,0
2022-1-14,2022-12-12,9,light,15,FTS_colony9,FTS_tank2,FTS,0,61,0,0
2022-1-14,2022-12-12,10,light,16,FTS_colony9,FTS_tank2,FTS,2,61,3.278688525,0.032786885
2022-1-14,2022-12-12,11,light,17,FTS_colony9,FTS_tank2,FTS,0,61,0,0
2022-1-14,2022-12-12,12,light,18,FTS_colony9,FTS_tank2,FTS,0,61,0,0
2022-1-14,2022-12-12,13,light,19,FTS_colony9,FTS_tank2,FTS,0,61,0,0
2022-1-14,2022-12-12,14,light,20,FTS_colony9,FTS_tank2,FTS,0,61,0,0
2022-1-14,2022-12-12,15,light,21,FTS_colony9,FTS_tank2,FTS,0,61,0,0
2022-1-14,2022-12-12,16,light,22,FTS_colony9,FTS_tank2,FTS,0,61,0,0
2022-1-14,2022-12-12,17,light,23,FTS_colony9,FTS_tank2,FTS,0,61,0,0
2022-1-14,2022-12-12,18,light,24,FTS_colony9,FTS_tank2,FTS,0,61,0,0
2022-1-14,2022-12-12,19,dark,25,FTS_colony9,FTS_tank2,FTS,0,61,0,0
2022-1-14,2022-12-12,20,dark,26,FTS_colony9,FTS_tank2,FTS,2,61,3.278688525,0.032786885
2022-1-14,2022-12-12,21,dark,27,FTS_colony9,FTS_tank2,FTS,0,61,0,0
2022-1-14,2022-12-12,22,dark,28,FTS_colony9,FTS_tank2,FTS,0,61,0,0
2022-1-14,2022-12-12,23,dark,29,FTS_colony9,FTS_tank2,FTS,0,61,0,0
2022-1-15,2022-12-13,00,dark,30,FTS_colony9,FTS_tank2,FTS,0,61,0,0
2022-1-15,2022-12-13,1,dark,31,FTS_colony9,FTS_tank2,FTS,0,61,0,0
2022-1-15,2022-12-13,2,dark,32,FTS_colony9,FTS_tank2,FTS,1,61,1.639344262,0.016393443
2022-1-15,2022-12-13,3,dark,33,FTS_colony9,FTS_tank2,FTS,2,61,3.278688525,0.032786885
2022-1-15,2022-12-13,4,dark,34,FTS_colony9,FTS_tank2,FTS,7,61,11.47540984,0.114754098
2022-1-15,2022-12-13,5,dark,35,FTS_colony9,FTS_tank2,FTS,4,61,6.557377049,0.06557377
2022-1-15,2022-12-13,6,dark,36,FTS_colony9,FTS_tank2,FTS,4,61,6.557377049,0.06557377
2022-1-15,2022-12-13,7,light,37,FTS_colony9,FTS_tank2,FTS,4,61,6.557377049,0.06557377
2022-1-15,2022-12-13,8,light,38,FTS_colony9,FTS_tank2,FTS,0,61,0,0
2022-1-15,2022-12-13,9,light,39,FTS_colony9,FTS_tank2,FTS,1,61,1.639344262,0.016393443
2022-1-15,2022-12-13,10,light,40,FTS_colony9,FTS_tank2,FTS,0,61,0,0
2022-1-15,2022-12-13,11,light,41,FTS_colony9,FTS_tank2,FTS,0,61,0,0
2022-1-15,2022-12-13,12,light,42,FTS_colony9,FTS_tank2,FTS,0,61,0,0
2022-1-15,2022-12-13,13,light,43,FTS_colony9,FTS_tank2,FTS,0,61,0,0
2022-1-15,2022-12-13,14,light,44,FTS_colony9,FTS_tank2,FTS,0,61,0,0
2022-1-15,2022-12-13,15,light,45,FTS_colony9,FTS_tank2,FTS,0,61,0,0
2022-1-15,2022-12-13,16,light,46,FTS_colony9,FTS_tank2,FTS,0,61,0,0
2022-1-15,2022-12-13,17,light,47,FTS_colony9,FTS_tank2,FTS,0,61,0,0
2022-1-15,2022-12-13,18,light,48,FTS_colony9,FTS_tank2,FTS,0,61,0,0
2022-1-13,2022-12-11,19,dark,1,FTS_colony5,FTS_tank3,FTS,9,64,14.0625,0.140625
2022-1-13,2022-12-11,20,dark,2,FTS_colony5,FTS_tank3,FTS,3,64,4.6875,0.046875
2022-1-13,2022-12-11,21,dark,3,FTS_colony5,FTS_tank3,FTS,1,64,1.5625,0.015625
2022-1-13,2022-12-11,22,dark,4,FTS_colony5,FTS_tank3,FTS,0,64,0,0
2022-1-13,2022-12-11,23,dark,5,FTS_colony5,FTS_tank3,FTS,0,64,0,0
2022-1-14,2022-12-12,00,dark,6,FTS_colony5,FTS_tank3,FTS,0,64,0,0
2022-1-14,2022-12-12,1,dark,7,FTS_colony5,FTS_tank3,FTS,0,64,0,0
2022-1-14,2022-12-12,2,dark,8,FTS_colony5,FTS_tank3,FTS,0,64,0,0
2022-1-14,2022-12-12,3,dark,9,FTS_colony5,FTS_tank3,FTS,2,64,3.125,0.03125
2022-1-14,2022-12-12,4,dark,10,FTS_colony5,FTS_tank3,FTS,8,64,12.5,0.125
2022-1-14,2022-12-12,5,dark,11,FTS_colony5,FTS_tank3,FTS,5,64,7.8125,0.078125
2022-1-14,2022-12-12,6,dark,12,FTS_colony5,FTS_tank3,FTS,5,64,7.8125,0.078125
2022-1-14,2022-12-12,7,light,13,FTS_colony5,FTS_tank3,FTS,13,64,20.3125,0.203125
2022-1-14,2022-12-12,8,light,14,FTS_colony5,FTS_tank3,FTS,3,64,4.6875,0.046875
2022-1-14,2022-12-12,9,light,15,FTS_colony5,FTS_tank3,FTS,0,64,0,0
2022-1-14,2022-12-12,10,light,16,FTS_colony5,FTS_tank3,FTS,0,64,0,0
2022-1-14,2022-12-12,11,light,17,FTS_colony5,FTS_tank3,FTS,0,64,0,0
2022-1-14,2022-12-12,12,light,18,FTS_colony5,FTS_tank3,FTS,0,64,0,0
2022-1-14,2022-12-12,13,light,19,FTS_colony5,FTS_tank3,FTS,0,64,0,0
2022-1-14,2022-12-12,14,light,20,FTS_colony5,FTS_tank3,FTS,0,64,0,0
2022-1-14,2022-12-12,15,light,21,FTS_colony5,FTS_tank3,FTS,0,64,0,0
2022-1-14,2022-12-12,16,light,22,FTS_colony5,FTS_tank3,FTS,0,64,0,0
2022-1-14,2022-12-12,17,light,23,FTS_colony5,FTS_tank3,FTS,0,64,0,0
2022-1-14,2022-12-12,18,light,24,FTS_colony5,FTS_tank3,FTS,0,64,0,0
2022-1-14,2022-12-12,19,dark,25,FTS_colony5,FTS_tank3,FTS,0,64,0,0
2022-1-14,2022-12-12,20,dark,26,FTS_colony5,FTS_tank3,FTS,0,64,0,0
2022-1-14,2022-12-12,21,dark,27,FTS_colony5,FTS_tank3,FTS,0,64,0,0
2022-1-14,2022-12-12,22,dark,28,FTS_colony5,FTS_tank3,FTS,0,64,0,0
2022-1-14,2022-12-12,23,dark,29,FTS_colony5,FTS_tank3,FTS,0,64,0,0
2022-1-15,2022-12-13,00,dark,30,FTS_colony5,FTS_tank3,FTS,0,64,0,0
2022-1-15,2022-12-13,1,dark,31,FTS_colony5,FTS_tank3,FTS,0,64,0,0
2022-1-15,2022-12-13,2,dark,32,FTS_colony5,FTS_tank3,FTS,0,64,0,0
2022-1-15,2022-12-13,3,dark,33,FTS_colony5,FTS_tank3,FTS,3,64,4.6875,0.046875
2022-1-15,2022-12-13,4,dark,34,FTS_colony5,FTS_tank3,FTS,0,64,0,0
2022-1-15,2022-12-13,5,dark,35,FTS_colony5,FTS_tank3,FTS,5,64,7.8125,0.078125
2022-1-15,2022-12-13,6,dark,36,FTS_colony5,FTS_tank3,FTS,1,64,1.5625,0.015625
2022-1-15,2022-12-13,7,light,37,FTS_colony5,FTS_tank3,FTS,2,64,3.125,0.03125
2022-1-15,2022-12-13,8,light,38,FTS_colony5,FTS_tank3,FTS,0,64,0,0
2022-1-15,2022-12-13,9,light,39,FTS_colony5,FTS_tank3,FTS,2,64,3.125,0.03125
2022-1-15,2022-12-13,10,light,40,FTS_colony5,FTS_tank3,FTS,0,64,0,0
2022-1-15,2022-12-13,11,light,41,FTS_colony5,FTS_tank3,FTS,1,64,1.5625,0.015625
2022-1-15,2022-12-13,12,light,42,FTS_colony5,FTS_tank3,FTS,0,64,0,0
2022-1-15,2022-12-13,13,light,43,FTS_colony5,FTS_tank3,FTS,0,64,0,0
2022-1-15,2022-12-13,14,light,44,FTS_colony5,FTS_tank3,FTS,1,64,1.5625,0.015625
2022-1-15,2022-12-13,15,light,45,FTS_colony5,FTS_tank3,FTS,0,64,0,0
2022-1-15,2022-12-13,16,light,46,FTS_colony5,FTS_tank3,FTS,0,64,0,0
2022-1-15,2022-12-13,17,light,47,FTS_colony5,FTS_tank3,FTS,0,64,0,0
2022-1-15,2022-12-13,18,light,48,FTS_colony5,FTS_tank3,FTS,0,64,0,0
2022-1-13,2022-12-11,19,dark,1,FTS_colony7,FTS_tank3,FTS,0,27,0,0
2022-1-13,2022-12-11,20,dark,2,FTS_colony7,FTS_tank3,FTS,0,27,0,0
2022-1-13,2022-12-11,21,dark,3,FTS_colony7,FTS_tank3,FTS,2,27,7.407407407,0.074074074
2022-1-13,2022-12-11,22,dark,4,FTS_colony7,FTS_tank3,FTS,2,27,7.407407407,0.074074074
2022-1-13,2022-12-11,23,dark,5,FTS_colony7,FTS_tank3,FTS,0,27,0,0
2022-1-14,2022-12-12,00,dark,6,FTS_colony7,FTS_tank3,FTS,0,27,0,0
2022-1-14,2022-12-12,1,dark,7,FTS_colony7,FTS_tank3,FTS,0,27,0,0
2022-1-14,2022-12-12,2,dark,8,FTS_colony7,FTS_tank3,FTS,0,27,0,0
2022-1-14,2022-12-12,3,dark,9,FTS_colony7,FTS_tank3,FTS,1,27,3.703703704,0.037037037
2022-1-14,2022-12-12,4,dark,10,FTS_colony7,FTS_tank3,FTS,4,27,14.81481481,0.148148148
2022-1-14,2022-12-12,5,dark,11,FTS_colony7,FTS_tank3,FTS,1,27,3.703703704,0.037037037
2022-1-14,2022-12-12,6,dark,12,FTS_colony7,FTS_tank3,FTS,5,27,18.51851852,0.185185185
2022-1-14,2022-12-12,7,light,13,FTS_colony7,FTS_tank3,FTS,0,27,0,0
2022-1-14,2022-12-12,8,light,14,FTS_colony7,FTS_tank3,FTS,0,27,0,0
2022-1-14,2022-12-12,9,light,15,FTS_colony7,FTS_tank3,FTS,0,27,0,0
2022-1-14,2022-12-12,10,light,16,FTS_colony7,FTS_tank3,FTS,3,27,11.11111111,0.111111111
2022-1-14,2022-12-12,11,light,17,FTS_colony7,FTS_tank3,FTS,2,27,7.407407407,0.074074074
2022-1-14,2022-12-12,12,light,18,FTS_colony7,FTS_tank3,FTS,0,27,0,0
2022-1-14,2022-12-12,13,light,19,FTS_colony7,FTS_tank3,FTS,0,27,0,0
2022-1-14,2022-12-12,14,light,20,FTS_colony7,FTS_tank3,FTS,0,27,0,0
2022-1-14,2022-12-12,15,light,21,FTS_colony7,FTS_tank3,FTS,0,27,0,0
2022-1-14,2022-12-12,16,light,22,FTS_colony7,FTS_tank3,FTS,0,27,0,0
2022-1-14,2022-12-12,17,light,23,FTS_colony7,FTS_tank3,FTS,0,27,0,0
2022-1-14,2022-12-12,18,light,24,FTS_colony7,FTS_tank3,FTS,0,27,0,0
2022-1-14,2022-12-12,19,dark,25,FTS_colony7,FTS_tank3,FTS,0,27,0,0
2022-1-14,2022-12-12,20,dark,26,FTS_colony7,FTS_tank3,FTS,1,27,3.703703704,0.037037037
2022-1-14,2022-12-12,21,dark,27,FTS_colony7,FTS_tank3,FTS,0,27,0,0
2022-1-14,2022-12-12,22,dark,28,FTS_colony7,FTS_tank3,FTS,0,27,0,0
2022-1-14,2022-12-12,23,dark,29,FTS_colony7,FTS_tank3,FTS,0,27,0,0
2022-1-15,2022-12-13,00,dark,30,FTS_colony7,FTS_tank3,FTS,0,27,0,0
2022-1-15,2022-12-13,1,dark,31,FTS_colony7,FTS_tank3,FTS,0,27,0,0
2022-1-15,2022-12-13,2,dark,32,FTS_colony7,FTS_tank3,FTS,0,27,0,0
2022-1-15,2022-12-13,3,dark,33,FTS_colony7,FTS_tank3,FTS,0,27,0,0
2022-1-15,2022-12-13,4,dark,34,FTS_colony7,FTS_tank3,FTS,0,27,0,0
2022-1-15,2022-12-13,5,dark,35,FTS_colony7,FTS_tank3,FTS,0,27,0,0
2022-1-15,2022-12-13,6,dark,36,FTS_colony7,FTS_tank3,FTS,3,27,11.11111111,0.111111111
2022-1-15,2022-12-13,7,light,37,FTS_colony7,FTS_tank3,FTS,1,27,3.703703704,0.037037037
2022-1-15,2022-12-13,8,light,38,FTS_colony7,FTS_tank3,FTS,2,27,7.407407407,0.074074074
2022-1-15,2022-12-13,9,light,39,FTS_colony7,FTS_tank3,FTS,0,27,0,0
2022-1-15,2022-12-13,10,light,40,FTS_colony7,FTS_tank3,FTS,0,27,0,0
2022-1-15,2022-12-13,11,light,41,FTS_colony7,FTS_tank3,FTS,0,27,0,0
2022-1-15,2022-12-13,12,light,42,FTS_colony7,FTS_tank3,FTS,0,27,0,0
2022-1-15,2022-12-13,13,light,43,FTS_colony7,FTS_tank3,FTS,0,27,0,0
2022-1-15,2022-12-13,14,light,44,FTS_colony7,FTS_tank3,FTS,0,27,0,0
2022-1-15,2022-12-13,15,light,45,FTS_colony7,FTS_tank3,FTS,0,27,0,0
2022-1-15,2022-12-13,16,light,46,FTS_colony7,FTS_tank3,FTS,0,27,0,0
2022-1-15,2022-12-13,17,light,47,FTS_colony7,FTS_tank3,FTS,0,27,0,0
2022-1-15,2022-12-13,18,light,48,FTS_colony7,FTS_tank3,FTS,0,27,0,0
2022-1-13,2022-12-11,19,dark,1,FTS_colony8,FTS_tank3,FTS,5,946,0.528541226,0.005285412
2022-1-13,2022-12-11,20,dark,2,FTS_colony8,FTS_tank3,FTS,4,946,0.422832981,0.00422833
2022-1-13,2022-12-11,21,dark,3,FTS_colony8,FTS_tank3,FTS,0,946,0,0
2022-1-13,2022-12-11,22,dark,4,FTS_colony8,FTS_tank3,FTS,1,946,0.105708245,0.001057082
2022-1-13,2022-12-11,23,dark,5,FTS_colony8,FTS_tank3,FTS,0,946,0,0
2022-1-14,2022-12-12,00,dark,6,FTS_colony8,FTS_tank3,FTS,0,946,0,0
2022-1-14,2022-12-12,1,dark,7,FTS_colony8,FTS_tank3,FTS,1,946,0.105708245,0.001057082
2022-1-14,2022-12-12,2,dark,8,FTS_colony8,FTS_tank3,FTS,7,946,0.739957717,0.007399577
2022-1-14,2022-12-12,3,dark,9,FTS_colony8,FTS_tank3,FTS,14,946,1.479915433,0.014799154
2022-1-14,2022-12-12,4,dark,10,FTS_colony8,FTS_tank3,FTS,30,946,3.171247357,0.031712474
2022-1-14,2022-12-12,5,dark,11,FTS_colony8,FTS_tank3,FTS,122,946,12.89640592,0.128964059
2022-1-14,2022-12-12,6,dark,12,FTS_colony8,FTS_tank3,FTS,125,946,13.21353066,0.132135307
2022-1-14,2022-12-12,7,light,13,FTS_colony8,FTS_tank3,FTS,83,946,8.773784355,0.087737844
2022-1-14,2022-12-12,8,light,14,FTS_colony8,FTS_tank3,FTS,11,946,1.162790698,0.011627907
2022-1-14,2022-12-12,9,light,15,FTS_colony8,FTS_tank3,FTS,4,946,0.422832981,0.00422833
2022-1-14,2022-12-12,10,light,16,FTS_colony8,FTS_tank3,FTS,1,946,0.105708245,0.001057082
2022-1-14,2022-12-12,11,light,17,FTS_colony8,FTS_tank3,FTS,1,946,0.105708245,0.001057082
2022-1-14,2022-12-12,12,light,18,FTS_colony8,FTS_tank3,FTS,2,946,0.21141649,0.002114165
2022-1-14,2022-12-12,13,light,19,FTS_colony8,FTS_tank3,FTS,1,946,0.105708245,0.001057082
2022-1-14,2022-12-12,14,light,20,FTS_colony8,FTS_tank3,FTS,0,946,0,0
2022-1-14,2022-12-12,15,light,21,FTS_colony8,FTS_tank3,FTS,1,946,0.105708245,0.001057082
2022-1-14,2022-12-12,16,light,22,FTS_colony8,FTS_tank3,FTS,0,946,0,0
2022-1-14,2022-12-12,17,light,23,FTS_colony8,FTS_tank3,FTS,0,946,0,0
2022-1-14,2022-12-12,18,light,24,FTS_colony8,FTS_tank3,FTS,0,946,0,0
2022-1-14,2022-12-12,19,dark,25,FTS_colony8,FTS_tank3,FTS,1,946,0.105708245,0.001057082
2022-1-14,2022-12-12,20,dark,26,FTS_colony8,FTS_tank3,FTS,4,946,0.422832981,0.00422833
2022-1-14,2022-12-12,21,dark,27,FTS_colony8,FTS_tank3,FTS,5,946,0.528541226,0.005285412
2022-1-14,2022-12-12,22,dark,28,FTS_colony8,FTS_tank3,FTS,0,946,0,0
2022-1-14,2022-12-12,23,dark,29,FTS_colony8,FTS_tank3,FTS,0,946,0,0
2022-1-15,2022-12-13,00,dark,30,FTS_colony8,FTS_tank3,FTS,1,946,0.105708245,0.001057082
2022-1-15,2022-12-13,1,dark,31,FTS_colony8,FTS_tank3,FTS,1,946,0.105708245,0.001057082
2022-1-15,2022-12-13,2,dark,32,FTS_colony8,FTS_tank3,FTS,9,946,0.951374207,0.009513742
2022-1-15,2022-12-13,3,dark,33,FTS_colony8,FTS_tank3,FTS,170,946,17.97040169,0.179704017
2022-1-15,2022-12-13,4,dark,34,FTS_colony8,FTS_tank3,FTS,42,946,4.4397463,0.044397463
2022-1-15,2022-12-13,5,dark,35,FTS_colony8,FTS_tank3,FTS,107,946,11.31078224,0.113107822
2022-1-15,2022-12-13,6,dark,36,FTS_colony8,FTS_tank3,FTS,166,946,17.54756871,0.175475687
2022-1-15,2022-12-13,7,light,37,FTS_colony8,FTS_tank3,FTS,12,946,1.268498943,0.012684989
2022-1-15,2022-12-13,8,light,38,FTS_colony8,FTS_tank3,FTS,8,946,0.845665962,0.00845666
2022-1-15,2022-12-13,9,light,39,FTS_colony8,FTS_tank3,FTS,1,946,0.105708245,0.001057082
2022-1-15,2022-12-13,10,light,40,FTS_colony8,FTS_tank3,FTS,3,946,0.317124736,0.003171247
2022-1-15,2022-12-13,11,light,41,FTS_colony8,FTS_tank3,FTS,0,946,0,0
2022-1-15,2022-12-13,12,light,42,FTS_colony8,FTS_tank3,FTS,1,946,0.105708245,0.001057082
2022-1-15,2022-12-13,13,light,43,FTS_colony8,FTS_tank3,FTS,0,946,0,0
2022-1-15,2022-12-13,14,light,44,FTS_colony8,FTS_tank3,FTS,2,946,0.21141649,0.002114165
2022-1-15,2022-12-13,15,light,45,FTS_colony8,FTS_tank3,FTS,0,946,0,0
2022-1-15,2022-12-13,16,light,46,FTS_colony8,FTS_tank3,FTS,0,946,0,0
2022-1-15,2022-12-13,17,light,47,FTS_colony8,FTS_tank3,FTS,0,946,0,0
2022-1-15,2022-12-13,18,light,48,FTS_colony8,FTS_tank3,FTS,0,946,0,0
